content_id,subject,sentiment_value,sentiment_word
tgmdp7VPTv2qicoK,舒适性,0,
rC9gjVLbJeKUt8Zv,配置,0,
pDnAP3eMVs1j47Cb,操控,0,
wypVfJ1g7KBFbHqR,动力,0,
3pjICsZE4KXyHYA8,价格,0,
Jy2MjFViEeBdm4St,油耗,0,
O8u9KG1J6jVqRlS0,安全性,0,
dBKTF3eiMoyUELhb,配置,0,
TCtMvskX4U53FR6n,价格,0,
KY8LH4SCnWqD5d7j,价格,0,
EhvqxVprbJ0KWk3U,配置,0,
X6sGr4hBNU8awZ0H,油耗,0,
91Jqs0gUj6cG5h3V,油耗,0,
vEjHlxB509aiUh1L,动力,0,
wWxseS1cGTg2DhHK,动力,0,
qscgnZPK4FGwLV38,配置,0,
WovLRxkSqwECfc8X,舒适性,0,
m1BoNMzhsLte7EPY,油耗,0,
grwNKCJtsY0A6DVG,操控,0,
cBMxouh5FEnz36DI,价格,0,
n0iGFeumh7wbZfc5,舒适性,0,
2BWMN0iP6mO7QhuI,配置,0,
6vaKfrw5bUSeOdDX,操控,0,
CJ5Y9Waw0RIPmvUK,安全性,0,
iGtjK9Ye0QPDkJRa,动力,0,
PlcNETm3FtzryiJf,动力,0,
Yry8UHfBKa0jsEJD,价格,0,
ZaeYwInl23uJVT4K,动力,0,
YZovRtEAyQJgTi1I,价格,0,
qrM0TVRhAm18Q6uO,动力,0,
LFeDWjKa7HBM4sS2,舒适性,0,
foxsAMS3TVwvdiPh,空间,0,
XEvGcYdbnIVTSL2R,配置,1,
B4xdCgYTVyvurDUj,动力,0,
QWD8lycXxm3SKe4z,价格,0,
3hctzfuMi9F0r17m,价格,1,
1NiFvMeJH0mGW3DL,动力,0,
JoXT2sebKRifZnN5,舒适性,0,
ZhC07bX9fLwAEerz,舒适性,0,
Ps6hZcIAX1fFYlCv,配置,0,
C3eBiPdDrc7jagOt,配置,0,
3IXzVv7KpRC2tdQS,动力,0,
QgBLtMbjoW5zqFwV,价格,0,
vkDGIoJ8TZNdw1B4,操控,1,
VuQntJTzsOL1ao0W,动力,0,
MxZWDrcfogmARhjL,油耗,0,
gCVavlsY0mF25dzR,价格,0,
KztJLy2av0RTEioZ,动力,0,
HmYrcn0IFNevJ7kK,配置,0,
XHMZeUz9uVfik7rA,动力,0,
KPlyLQFwz5RshMjf,动力,0,
HIntVvrux5ZkibOE,油耗,0,
k41e9Px3UihCG0mp,油耗,0,
eRQatbCxdZyqILE3,舒适性,-1,
OJAalMdiGVwc68Tk,空间,1,
18cJkHiGPZd5xlvX,安全性,0,
LT14xdFN5vOce0wI,配置,0,
tPWwM1QZlKn6dSjR,动力,0,
TFtAxJUkB9RpYbaZ,操控,0,
0BvCpAUIK2TVrbl8,动力,0,
MdWhZP1Uj4xYNL5b,动力,0,
s3itxIAdrfum9pcW,外观,1,
Q9lsB8x6FvkDroPV,操控,0,
oQ49SFW7I0LybuqU,价格,0,
GSkEx7rjYUKCvPB0,动力,0,
6kCpDM1SoTf0jJPE,配置,0,
Nn7xR5CtmZk3Bfuy,舒适性,0,
O1KpuZhFacmY8AXk,安全性,0,
fE3mb7KTQvc1wFZC,外观,1,
3qVmrKu1wxJb0X6I,安全性,0,
0BCubTaSJ4V7jGAd,舒适性,0,
Hl6OX4keyCiI59ca,动力,0,
6cLXpr1xS2AKefTv,价格,0,
X5fKCPbQla9MGyO6,配置,0,
s3itxIAdrfum9pcW,内饰,1,
cwGbU5WZlaE4mFzC,动力,0,
atLdKR0lSyEH9sMg,舒适性,0,
Ys5j6pztVPMN9dyr,动力,0,
reyUlXwx6YZHf2Nc,价格,0,
krc0zWjpYaKuOIUT,动力,0,
n5aKxi3ZbAlHyNF4,动力,0,
xyVZbhWBMis964AY,动力,0,
UJ0uFwKlp9qf8zW6,动力,0,
bknrC4PKsLwvtMVl,价格,0,
Vi7jog3FR9nLsxJc,安全性,0,
PLCZmuQ4GRUqAlz5,操控,0,
lu5Ji2sjwNgHOBcV,油耗,0,
XbUZeDAdEpMwg7kt,动力,0,
qYK5ZvFwyMj9HbxQ,价格,0,
flA3kPNCHaVpheZo,动力,0,
siYq5vrJBQzkuZPy,外观,0,
on3Flj4VIavWHbCX,动力,0,
KgqCX6eQjJl3TmPL,配置,0,
aIKU6pSFbg0jElD4,安全性,0,
hTEY0JfISa3i8Qwr,内饰,0,
3iJr9qLspWNb01ku,动力,0,
RDgTmzW9xBfY6pGv,配置,-1,
Smr5TJxypWblH4Uo,油耗,0,
XuPwKCnA2fqNh5vm,价格,1,
EfgDJMeVjAR2Oani,价格,0,
CB8xX6FdUeSJia1c,内饰,0,
LoZ6kfgdemxuANYI,舒适性,0,
UfiAyxpkvQdguWY6,动力,0,
f62Gp0gW98REZAuw,安全性,0,
CTatqAVoBvLW4GbM,内饰,1,
nPKxqrigWs2zo3AB,动力,0,
eCudFcjE3NyVaYtz,空间,0,
pXrRtj4S6EHLeuGJ,舒适性,0,
oGzVQxeU1yStugZM,内饰,0,
GVJanbkKzhwZBXMq,外观,0,
ksYlK4CfjXucNvGZ,外观,0,
6BaeLJtDuKXYQgb7,油耗,0,
KgNLqSsR5rW4az0P,动力,0,
zCKD3i8kc2svrQSW,动力,0,
qSoKXCQmPf6v3aEA,油耗,0,
29zOhgdxb5Ry3irG,舒适性,0,
pjynGY1xS8M6JhdQ,动力,0,
K1T0Cn5cNdOzEbpm,动力,0,
GFqcbBlxWdEOZ98U,内饰,0,
RrgVEIYCuW1iNqL4,动力,0,
GRXzZQMwAeJu7COd,动力,0,
6mJSlntYXB28sq9u,安全性,0,
fjNK5psFJVzrPbgE,空间,0,
9vBKy7aEfcG4SJPO,动力,0,
miG4ZxRoQSlg6KJd,操控,0,
H2isRZMPX9C5bxkF,油耗,0,
Bq8AxjuoinbzI95L,舒适性,0,
5nximF6XTzfJZa4A,价格,0,
gaoKxMwZOX7TQSbY,动力,0,
MvwkAXbiFdxrq4U8,操控,0,
9Jt0O5d3s6wz1lkf,动力,0,
n8gkp6OeAKf4zrwR,安全性,0,
BeSIAUzoTWH9muYl,配置,0,
scYqrhITWwSnje5t,安全性,0,
jF2o1uBciOaKARx6,油耗,0,
ZqIDRvrB8fwCNXu9,内饰,0,
LdSU9FJKYkja2pwn,内饰,0,
0lIuJGehVMFN3YQR,动力,0,
mpAEy9iwRn631sKS,配置,0,
0pJnq2mEzhHZ3Arv,油耗,0,
3m21lZW0VHhj8ubL,安全性,0,
546EUdlygJWfBtXa,动力,0,
xF860eoBE9tMkgcD,价格,0,
Y5Piob0TJNsqxyIO,舒适性,0,
2ZCfsbon6041kpPF,舒适性,0,
3sHOQd5VmCz6npUY,油耗,0,
u7B8htHDOLjzZAaQ,操控,0,
yt0PCoFNfBsgSQlD,内饰,-1,
xITUtjneCiDaK4r0,价格,0,
sN0Od9C6iDhzPrQq,舒适性,0,
lZdp0QNELeyfo8Di,安全性,0,
8CAMHLk6DfzaGZJ1,油耗,0,
Z7ovg4rQWNT5czpl,价格,0,
S1hHF3MijXWIbzwt,操控,0,
gyXcsSC2eHJ0GdTo,外观,0,
nkNvR74fauUP9oSg,油耗,0,
mjA8z56SRBw1nhp7,动力,0,
SnXce3GqCQd6tfFb,动力,0,
OxIomfCngcuTyaEG,动力,0,
EtMWgPap8VOK0ydJ,内饰,0,
Ae9Bg7IqKYFuxJaR,安全性,0,
A3fB0LW9sSgyZx8e,内饰,-1,
q8mnYHr6vAKoTOx9,油耗,0,
O9lkmGTDUgPqoF4i,操控,0,
54tGhC6PrfmegIA1,动力,0,
DJES3mRatNG7AMwz,配置,0,
7b0pJw65YcICoUzZ,操控,1,
raYDzok54yMZCOSW,动力,0,
6OdjnoPyKUQaDv31,价格,0,
389Drm5jzBFvIZ2i,操控,0,
3ePOA5JHayrbDik8,动力,0,
fl2Goc9ZTbimrqgY,动力,0,
iEXebDTcawoA0BQM,操控,0,
Asu64fxX7ydmaWQ9,动力,0,
hY4bE1WceJXvfxkM,舒适性,0,
k05bFn6OEedjq9vH,安全性,0,
U58QDMeHWXkfGESg,内饰,0,
USrqtIMjsYzeRi4W,动力,0,
icEsPJWUnRS01luo,油耗,0,
XPjnqk8VFzthwuU7,动力,0,
6HxLhDasVpPgMm8K,油耗,0,
7MN31h526WYAoHwL,动力,0,
gDtCHTmXVEUsqiyW,价格,0,
nhmcCF2Pl1GRyHiK,动力,0,
R52zpKF3CkvcYhL8,价格,0,
VjDzCfoU89EvMbdR,油耗,1,
bxH8MZCi09LpoRNQ,动力,0,
Unr7RcXmCght2ifD,舒适性,0,
X9tW1vklqjHU20yp,内饰,0,
H93sL4ngdmJGtARS,空间,0,
FjfwQc9OmzDuVA0p,内饰,0,
MLdqs6WeHn2BQNS1,油耗,0,
HCkprjv6uWRh47sL,动力,0,
Yu0EUZt54G8fiHOW,外观,0,
S5LM9Xt78HWUwjvz,安全性,0,
f0nyPXhJAbr3ZxVD,动力,0,
cxdNAbiwF7ar901z,内饰,0,
gAap9wMyXxSuQc57,动力,0,
21BHMtZ3lbmzvYWI,动力,0,
QeLJ6w9EB78bulcj,动力,0,
X3zZC0KfxVIMON5k,空间,0,
XVWc7EHDPM3BNhqi,舒适性,0,
Gx5zIE8tOnUfiCYy,操控,0,
M2CRIPTD9b5Gcmds,空间,0,
EctJhFjIHKv871dr,动力,0,
Ff5Bh7nHMvISAoqg,配置,0,
ov2mM3EU7uH9A65Q,舒适性,0,
ZeHdSwvXkxMUFBsl,价格,0,
SNZAupTeyE8f3DOa,内饰,1,
QhrgY6ZaNL4zjfJB,空间,0,
FsEWPD6SoKM3rN48,操控,0,
ROMK65g8HGQweWDq,安全性,0,
vcEKDR05dHhqlFBI,操控,0,
axPES1MA7I8BlcvO,操控,1,
6oPvUG1VLyzSKxOM,空间,0,
qopu4EsiAz9KU7MC,空间,0,
QptxJrH7qsfiEodS,动力,0,
IoKEnR3JdXu0gG4h,动力,0,
K7ci4kEpZ01axWBY,配置,0,
j3ETD8hfvw6pmFot,操控,0,
MviKfxQgL6NkUGjc,配置,0,
3MjvJUXBzegF45KT,动力,0,
AEYbGMtnhrJ76sUd,舒适性,-1,
dHbRIfBklWh951Dx,动力,0,
5hlv1GcgFWRDLi8u,价格,0,
HAVTYESJNfjlZ9iM,价格,0,
SKFUxA7dVENw1ot8,价格,0,
j1rPTY3NROwnxFaf,操控,0,
pDnAP3eMVs1j47Cb,价格,0,
HZ1BLnSGKDtxcRP9,价格,0,
7vM2TIJH9Qbe5qcN,动力,0,
RY2xvl4Mi1Tcabj8,油耗,0,
F1TNm6zR5YXK48fa,动力,0,
ansHJQfY3d9RANEc,动力,0,
zlWsZHG3KjfiUSDb,动力,0,
YLIEz3wdkUNMa0HJ,动力,0,
uz5LxtaHWjPh2cEi,动力,0,
VLHijeQoT7GZF6Yh,动力,0,
oUS5x2RH6YKb9rOZ,油耗,0,
GS7Fc8PWy3bzr94s,配置,0,
FVsOCzBcxbwJh2T8,价格,0,
GsF02l9KgVvqJhn6,舒适性,0,
R8cyfI10m3Xi9tgM,动力,0,
rYhGEQicpHP8tZj2,动力,0,
bV7YdEhL4BQaCprz,舒适性,0,
TiGkVHdRmPgMpb6s,动力,0,
sP2Ax8OS9bgIafqE,内饰,-1,
MdDwt4EsZpWoHKg7,动力,0,
IBwacFpzU3vL15EJ,空间,1,
WYa8Arw7bGLuKnqi,动力,0,
hVKzEGBZYareFNQx,动力,0,
Yrqzo4aXitwTx7A8,动力,0,
RjfU4HnaO0KSzlpC,价格,0,
JOnA6lRuWev9gcUC,动力,0,
24imyrkH9Bcu067W,配置,0,
JYBR31ezsQObFVa0,价格,0,
hGPD9vBZgR6zNV4S,动力,0,
Phcq0nFXD3Y21b7d,动力,0,
FYVHuUQ3Llb2Odtk,动力,0,
EDjrVy06wW1QKsCn,配置,0,
d9Yo1whB5EkNLPJZ,动力,0,
6RsAS4XJv9zxehOm,外观,1,
kjXVLom64WiMuQwK,动力,0,
caVRpZDW6Qdr2gk5,动力,0,
dm1W2BIEyJ0Gsxp8,配置,0,
ypgtWM4Ks3ZR2BdN,内饰,0,
LbDM2NeVnh9GPyUX,操控,1,
9KQ7RiT8vdOeroHb,价格,0,
fQnMrWegYBvTh2Ic,动力,0,
QtszkWi1bKVx9yG2,动力,0,
A9KZib8pXfkQVgGW,油耗,0,
Qe4htWX3MpbTo59f,操控,0,
1yjVZfueAY5JPlhK,内饰,0,
0EkBRAYPsfOTt4z3,空间,0,
3IULXkViPBDKYjvw,动力,0,
WPIkOoDsAQl7hiTN,舒适性,0,
hFuqAespIJt0MKfP,舒适性,0,
9yrUegdiBfSz5LPc,动力,0,
gMFNJCpZ5cGwH8Be,动力,0,
4WOkTuMarEPw5fo7,动力,0,
oHCUun6B7GvL8WlI,动力,0,
G1tPfoMLxbkemFuZ,油耗,0,
QRw7ngTJ2A5CYBGW,油耗,0,
Pm7De1R2OuIa0AGB,动力,0,
jGglFPieTJX97Uxb,动力,0,
uk17vcMZBn62Nhie,动力,0,
mwgUZtAKuYWskdy0,动力,0,
htRUXO3cHxBkdaMw,动力,0,
cD9s48BbWiwykgU3,价格,0,
opQNKOJUsPm8fhqF,外观,0,
XEg72TBW9zhC8xAr,配置,0,
7mGsIBJAHFZ0tCz4,外观,0,
wGXiACrD3ymLkBR0,安全性,0,
pLSxhPtQ4OmTDg95,价格,0,
KsAywUF0QmbhYG7j,内饰,0,
o5G7A3ZwMImPHbnL,油耗,0,
5UPW7gfxl9jTcMuN,安全性,0,
cCgJT7PV3mbx21h9,舒适性,0,
bEf1ZICFYTW97Lr6,空间,0,
2ie4Fb7PBfK8TH5Z,动力,0,
MF2yRZwkDtmozdPS,内饰,1,
IOyEuQK7rgVZAzbi,操控,1,
rytcHs5GMUWREKfj,动力,0,
Uasb549NBtoYWOhl,油耗,0,
DXhAOZEsTBVWaSRH,安全性,0,
dHTaEWKxyYoBc5sU,内饰,1,
TNyLjrCVD3vkpbZi,舒适性,0,
wIhbC0s3jmGKW8at,动力,0,
yWkSsMKfi7qExwbR,配置,0,
fYtbApDWqzGmKX8F,动力,0,
sTEj9duGX2zAqIr8,舒适性,0,
NTSwHW7RQV1bUA3m,价格,0,
i8mxAKoNVhD7CIg6,动力,0,
qfdGDCZ3PeKxNwpn,油耗,0,
SnmaPubjOcvA9FBh,空间,0,
ugF1Y9NsOJaBbtS7,动力,0,
UMeVQhHNRcoYJ8GT,内饰,0,
6uYPQjAedRH1wWCy,配置,0,
gXnx20VphC5mAUb1,舒适性,-1,
JcbGvKkp0oIltRCA,油耗,0,
isSJMTg0FcyKpOQH,动力,0,
fhVnqx2uEd0iHgG8,操控,0,
akAurTlP2oUxnzyv,操控,0,
daBn0zAJuh76YxEf,操控,0,
LbDM2NeVnh9GPyUX,内饰,0,
RuGhicS6dUIXva2E,舒适性,0,
5USD0pfeCldLT79m,动力,0,
kXqR9l7vUaWsmrVT,安全性,0,
I5yzgdLlFQDfnRpC,价格,0,
UdtE90wj71gQIBuD,动力,0,
FLxPweOVGBTmnoQE,动力,0,
tDN57PGxglB8WOdH,内饰,-1,
q8mnYHr6vAKoTOx9,动力,0,
wFn3N9MApUeOdjHX,油耗,0,
6jm8uWBCpZwo5RFI,动力,0,
zGj9cIeZwxhBQR48,动力,0,
YQi8OESrgCvjPT5J,配置,0,
ZWw8NQeKMT3fXbJR,动力,0,
V9JNZ0vxUCWDsfrY,动力,0,
dbY6SqBE9UiItGka,动力,0,
XJ3komsO4CZ0KFYr,安全性,0,
7RN83mKkVYUHsT5l,外观,1,
DKLwgMTHfV8xRj4S,舒适性,-1,
t01PVoDSd9Lsy5HN,配置,0,
DLJlzgK14pc7GkNq,配置,0,
lpF1QBJRqNorkeVh,安全性,0,
oi3egvK85kdCLym4,空间,-1,
tcPLeKdDrkYG1394,价格,0,
jaihGf4Qxl9qdNry,价格,0,
yGsQJVCBYmMglaUp,动力,0,
Be8g1L57jXQ0PRcn,空间,0,
Ktq3p75AxoNGWCwn,舒适性,0,
f5UhrHg6Zztl7VWj,舒适性,0,
9MZEmklAn4bBRHwc,安全性,0,
1fvPaU68LRyBGIjE,动力,0,
FGRbjwZTUlkg86pQ,内饰,1,
MLKIN0SUHq5v8zYW,操控,1,
g0PoIQprMBdbhHmv,操控,0,
kpnCZaAhWuOymsRD,油耗,0,
LzbmvwkG9uSTDH0j,动力,0,
jhmIcH6LTxkGVE19,安全性,0,
h6TQ97vDpJG3kHoS,动力,0,
IftQwD8UO3Cs62jK,安全性,0,
zJjMAVQLrfeUms3Y,配置,0,
kvluCRfjq3GIhLaH,配置,0,
7HjuWDZzSykeEOIQ,安全性,0,
nu5x4Ke1zQvAWrLw,动力,0,
aHU0O9YCLly8cPvR,空间,1,
H6y17JaXzxADtqer,操控,0,
0dfh6vX5ZxrRSjqQ,舒适性,0,
0aUM14td75FBNEfl,操控,0,
OT4cMNr6vXoZKSCn,价格,0,
clht2VSkB3fFrHze,配置,0,
el5cAQvjZEYiJ1Vb,内饰,0,
68jBJULyWclT9Pir,安全性,0,
CkjQS5YZNHvFAXzt,价格,0,
K3Aby8kS6urpQRYa,价格,0,
puBeAcLKxDWRJgCH,舒适性,0,
3Cs9orcTeFh1dN87,油耗,0,
LlYeGpEUvji8yc67,外观,0,
iqkfESIHX5hjN1B0,价格,0,
2Mg3CxG1vhfWHAVk,动力,0,
athS4JK0ClzGrYb8,配置,0,
CTatqAVoBvLW4GbM,操控,1,
bJIzTNc7Moiq8wp0,配置,0,
lz8CZIvuepMjyT7A,配置,0,
GFqcbBlxWdEOZ98U,外观,0,
BLpnDEK2MgYWqFhR,内饰,-1,
2jNbDn85goX3IuPE,价格,0,
BaQFJU6Njo35PWzs,动力,0,
W2LdbRay0vZTi5Pz,动力,0,
oGI7QnWD0zJZcBtx,安全性,1,
S9bdvzojeuU1VILW,价格,0,
72XjGlFSt8QbsKHp,操控,0,
oKdBRimU38Gjc9PJ,动力,0,
Gczub7DEkxp4VRhN,动力,0,
xMjehF1dANLv3oPf,动力,0,
j7v1Qtbl8G32gNZn,安全性,0,
AxXtv6CNauVQ2EYS,操控,0,
A4vmUYQOlCB5p0Mf,动力,0,
Q9lsB8x6FvkDroPV,配置,0,
HoA7taEmxsXCILlB,安全性,0,
u0K4toPXbnlJTcmL,动力,0,
Bf2kUCiYsx8zVuKZ,价格,0,
hNsmB8zE1nyaVodp,油耗,0,
2xquOsEThjWnBbNR,动力,0,
W8dF6ujP3KemG7ac,外观,0,
z8GLtQDSY7ewo2Rx,油耗,0,
l70jQ4sAmbVhSCE6,动力,0,
kbBPiGVeguLMQn4c,舒适性,-1,
pwiRFTLHz7r5JNWu,价格,0,
H8jYWQ5gMADxtmuh,舒适性,0,
pgfSJHQPcouasvLX,动力,0,
vcnMRyBl89DjtUXo,动力,0,
UWDsRXma9t6FpxKo,外观,0,
pwd8MnrthDqLZafe,价格,0,
g1qaKmR09LUXcp8B,外观,0,
JSysamBMxUlE3w4d,动力,0,
u6Y8DSB7nZWlgJNv,价格,0,
AYI8t95ykOVvom7P,动力,0,
tqJge3EvVFUkxd05,安全性,0,
goKCk8Rb1pX9WMHm,配置,0,
FfcOkjr9XwMlZvIW,价格,0,
JO8tRVkUlmq7MnP0,舒适性,0,
EXSrYLdzcQvjyT74,油耗,0,
PE5gLlduiYGTzqsn,动力,0,
yuMwv8A4I7NPOcJD,价格,0,
s3U4wYnirNfeQ7o0,动力,0,
BPnjDGbgATUfy6H3,舒适性,-1,
n0zyhMV2qCcRT7sL,操控,0,
6JZHOqne2YW01FVz,动力,0,
TROFwzH24CuexUZd,配置,0,
goW6bEX5lPTeBjRt,配置,0,
7FzGhLUQufMglaAn,动力,0,
KY8LH4SCnWqD5d7j,油耗,0,
AohYceIpjN7wJ2zg,动力,0,
hTmRLDS3H610WEGJ,油耗,1,
IBnweMx4ygGZObjJ,动力,0,
9y47pHYWnBKmqSjb,油耗,0,
DHMPwZAtEV1mJXhT,舒适性,0,
7ivMHN4DnQCTzWPa,安全性,0,
5r40CE1jGfLliA7k,动力,0,
H903fh4mU1dtQTiZ,舒适性,0,
uziQ92KcdPaOLAjw,外观,0,
9mNiTQ81e5Yu3k24,操控,0,
FsEWPD6SoKM3rN48,动力,0,
uRJFKHw50MWCgQEj,价格,0,
KaM0rQpCE7yLYgH2,空间,0,
pmNyoGrdC1KhVlIA,价格,0,
NM3TLgmaheIbqz4W,动力,0,
AdicesC0Y81JQSt5,动力,0,
hNiGFEPdTZJoKOqf,空间,0,
f6as9xEbvIQi75WS,油耗,0,
bvYTCJoyWRrFdIOe,配置,0,
ctUe4yWAIlrhO65L,操控,0,
WJFMnwQPUj8iLdSN,动力,0,
SR6Q1IwTKUtVFb4p,油耗,0,
iPvq0uXhLj4zp6V1,安全性,0,
X1M2nsA0Gy8IjKmx,安全性,0,
4thTeMKoNiIgx65W,操控,1,
CiKS6BEcV9txNe8F,价格,0,
FolwpA0yfQLrZEiH,动力,0,
nbtiQjg5371Df8Fe,动力,0,
DJtXGd9TIj7oHZhi,动力,0,
b9qcJOVRfPEzUuM2,动力,0,
AHW7mhYxMGg20oPK,安全性,0,
SOY2TGwFQi8Etknh,动力,0,
fxc5HJd6vlU2n3wV,动力,0,
he7O3saXxQzl8MqH,安全性,0,
U3NevhxIRQaXnyLq,配置,0,
kO0yL4m76xbZ8IUE,油耗,0,
y7ziHVFaYs3vAS5C,安全性,0,
rMGqhFUk2caWpL07,内饰,0,
SoiD43pfynQPmJ7V,安全性,0,
DYxPBjZendkSpM3b,舒适性,0,
UneE7iqV6mW5HlgP,油耗,0,
9OS84ZmRFWL6nu17,操控,0,
NvQXnEqaGgiZcRzh,油耗,0,
pZwnM9mjutIRUkXs,油耗,0,
gn3HYMKi4GkDQT0U,外观,0,
HkGilbeypwMczdoQ,内饰,0,
JgQA0eZw9zKuySkh,动力,0,
WUQ0Mhu19dvPcsnG,操控,0,
DFpjJkdehuvLStTE,动力,0,
Oey5EIJUc4PQa36m,配置,0,
vlCphH36ucoXYAqw,价格,0,
BfWd1cJDFQLNn3gG,安全性,0,
1NxrRQWBTJFw7A2d,内饰,0,
xJ1wWtb9TsYkKO5X,舒适性,0,
97fvXxIlWCbBYULt,空间,0,
C0iG5Nud48OmX2Pk,价格,0,
BLpnDEK2MgYWqFhR,操控,1,
PxLWHR4po8D1T6A3,动力,0,
nYjsiOvqFL2uydmf,舒适性,0,
SNZAupTeyE8f3DOa,操控,0,
SHbyJ2RM9oi4ZtdD,动力,0,
rbjBk0wUl2FKa4hi,操控,0,
6YOgDZisAcz4B8Kb,操控,1,
o7xQ3LOfbgdekw2a,舒适性,0,
UFSVZrG1ldup8ytc,舒适性,0,
Ct5pUOgmiTQ7o3fL,油耗,0,
iFGrPAzYJoRdkOS8,安全性,0,
fMt9sXq4pGHT81CS,油耗,0,
k8G4vxE5maWVOiMB,动力,0,
BZ4Ig9Gr7zQPM6Xt,动力,0,
CGBhSb7nQLsJqOv8,油耗,0,
EmMhBLe53vG2rsxn,动力,0,
5GBLPV2kyCApzocS,动力,0,
QXv8qNuizGcjtOae,内饰,-1,
fzlgbMthU0dSijaQ,油耗,0,
Xt6faCsrjGKRExku,动力,0,
7ljw0AnmIsEYyx6b,动力,0,
iqfN9xbm4kestrQn,价格,1,
h1rBlfXKxHVO0Nzu,操控,0,
zF9Mueid3pXalrP7,动力,0,
3HqNa5tQLnDRroW6,油耗,0,
9trKxFco3S5iBeka,动力,0,
LbDM2NeVnh9GPyUX,外观,0,
e2ATqS3JlL7ob1zy,油耗,0,
we7MboXtYGQCuByK,舒适性,0,
atYuVC4do9Z3EQ2X,价格,0,
CHn3flFZqRN2J0DY,安全性,0,
zCIjAPpcefManuRw,外观,0,
r4ph3Ad7ukP8nJRT,油耗,0,
IcgXbKotPaAMZ2Ck,动力,0,
KF3paJVsftS0kL9z,操控,0,
zF9Mueid3pXalrP7,操控,0,
o591G4LvY3uODzCZ,内饰,0,
aMFJAWuCiP3dQTOe,油耗,0,
khucIwyDv2Jir5LF,安全性,0,
XK9dD5vynI4oGskJ,舒适性,0,
6HxLhDasVpPgMm8K,舒适性,0,
9SHwLQYjuI5dRtvN,油耗,0,
M4GuJmcIwU1THDed,油耗,0,
pURWwJXEY9boHvLq,动力,0,
23VdWzG4iAgYZtSR,安全性,0,
az2weAL6kCjmvVru,内饰,-1,
dm6eXoIg9Df0nFaV,配置,0,
nZ56RpHemMzEYCVd,价格,0,
2zF6AfHu5GoP0nSD,动力,0,
mF4PUT1vKM8gIAsi,外观,1,
ReGAf51HQagx8Zmi,动力,0,
iL0eoJjRnWKlU4av,油耗,-1,
zDwITtMRVu10sqey,油耗,0,
PMeBcRxizIaNmAC7,油耗,0,
sghfQnLUcSOu4DFJ,外观,0,
ikqn9SVU1dDFeYpb,油耗,0,
HRLxcVG8YaWArDqd,舒适性,0,
tka3Nq9TAR5BH7Ij,价格,0,
TSU6zwZnRQ4cuqLB,舒适性,0,
k5A2oECXbvlxpWF1,安全性,0,
lZdp0QNELeyfo8Di,操控,0,
iJDBmlQzdhKw7jYg,价格,1,
CGHU6PwzZKXduLVI,操控,0,
3GtNOfDcna4Mzk5i,动力,0,
LofFZtYiRkwd6bpy,配置,0,
8E6B9V4pZ5jtXInA,安全性,0,
mJjQ4GHoElIXfqAU,舒适性,0,
k8rL1RFvXEVwINMH,动力,0,
9dEcZPq2Vb0rfupR,动力,0,
IxGULQg6vNziM9uB,安全性,0,
0AghVaU3zovyfZK6,油耗,0,
YzigLBmP9naDrOkd,操控,0,
YT5pdexbmOQwG7hR,动力,0,
mebpq27hozx0Hv4a,价格,0,
2vQZt3cUpPxq1aFb,油耗,0,
mvkRl7asobxzLMyG,动力,0,
L1esR8dohQwbTaWD,动力,0,
x82sm1ahFYI6jpqc,安全性,0,
PLCZmuQ4GRUqAlz5,外观,0,
kRxYP9qzbWef47mc,安全性,0,
fJdn62OWukaoe4mM,动力,0,
qBLiW1NTHk9KguQF,油耗,1,
svpaOCbPeKwWtxud,舒适性,0,
lkJziVEyecn7d5gh,舒适性,0,
sLJc1tXdGQUeVhEf,配置,0,
dc6lm3E98HUX1BqT,油耗,0,
5kyiUJ0LTNMVFZfq,油耗,0,
qi9FRgkn70yJhV8d,操控,1,
o4BK31rvGf6JuDZO,动力,0,
faUv4IeOMgAJD7NE,油耗,0,
otQSEuPxej9lZnRI,舒适性,0,
hcapYTBox42WsSZI,外观,0,
9vnib5NlZmXjGRsw,价格,0,
kJ3zZl2fvH1sO5SQ,舒适性,0,
VYJEH3N0ZkGt5Xvy,配置,0,
RVGhbxrfQcIwlFdL,安全性,0,
LWm1dies9EY6FAIk,空间,0,
t4YZpKuxUPTziljS,价格,0,
XjLzFYus5S6icta1,动力,0,
tqJge3EvVFUkxd05,操控,0,
jZRuDrH5O2XG16Ac,动力,0,
mreCtuKXFwYsi0z6,空间,0,
6b1yQrFJhdi2aZso,价格,0,
wDxEtaUH3zLoPAI2,价格,-1,
pHshzjOT3MQB8ikg,动力,0,
UjvyLAzGgJIRDbla,舒适性,0,
eDxluSgqH0ch9YiO,油耗,0,
icMQmPJA9Sv0KGTw,舒适性,0,
CkpXzGLZSt6YiRJ3,操控,0,
8ijAZKYdwx5BXeEz,油耗,0,
aKEvnRIi9sjpV5OF,动力,0,
oLOFZx6IuyH9CAEB,油耗,0,
UzlawP67YSAO1HWD,配置,0,
HwhtEmxKsTj1aCIP,动力,0,
G0aXfEIqVdRWvF9b,油耗,1,
SVaOfb1hoyPzv7Lq,空间,0,
j5dpvDJ80YWPSew3,安全性,0,
j7FmnNEyAGBHTu51,舒适性,-1,
3Cw8jkALXivOMqfx,动力,0,
Wt6bxF4HqgRUzMTZ,动力,0,
R6XfcNGFio7Sq9VA,操控,0,
Z1kNWAOM9rYol0Ve,舒适性,0,
bkx98mnYLCe3WDzd,油耗,0,
QjFJXPzDYsV1IRWO,操控,0,
pQLoOrdDjFENC5IP,安全性,0,
jFysDmnNYI1RK9A5,操控,0,
DYrSPJLoywAdingm,油耗,0,
pGEBk04J1dcLUThW,价格,0,
q4webEMXRSyDN5Qf,价格,0,
4tlfWveDHL9wcZ7m,安全性,0,
a8ZDevQHbqX2JiSu,操控,0,
UR7s1tVcHXWNTZhy,安全性,0,
p5diMJHQ2AchUxVF,动力,0,
3IxjdMX1y4NOf6Dn,动力,0,
jaOzYwbXlD4sMEfe,操控,0,
vgAGd6BS4pHa29Rt,动力,0,
k2yucZ7QgNDK5Xo1,动力,0,
voGhsAS2uf8jCpWw,安全性,0,
ZFDQvjqLe042yWr8,配置,0,
8Lg4uaXWwNHTnUhb,动力,0,
7vEhqRNMyJf4bk2S,配置,0,
SrzCwMmb23Uf7PKg,动力,0,
RhfXjuWbNzQPAmTx,操控,0,
KzOcf2gUuVm4oIyh,动力,0,
H6rOgMiWeovFyYQD,舒适性,0,
slUkXtKjbT2gqyZ0,空间,0,
X9tW1vklqjHU20yp,价格,0,
mxRIU03nkN7QSbKj,内饰,0,
7vlHt6GnPFKQCUVI,动力,0,
Cy0ZOxkKhMoETNqS,油耗,0,
c4yJrMVACb6iH2t9,操控,0,
rsPHOp7WeK2uYgb6,价格,0,
k6KDiRX7ZNSMT5cq,动力,0,
MrigDFAYRsEfINkq,价格,0,
Lw9O210Qyh5Uut73,动力,0,
2vSQnRuZdGO1MFUi,价格,0,
X8JCHV1snwA9LpES,动力,0,
geMLRpxqT4jAJC39,内饰,-1,
BMifCDqjK6JwGTnL,舒适性,0,
AXEGeoVOpmZTDnyj,安全性,0,
TU8qXLNScFeEGJop,舒适性,0,
96lEufPqmH10BpoO,动力,0,
cXPlC8xS9NBoZmvI,舒适性,0,
fGRenlp71ZDuACEY,油耗,0,
rhD8GPSuysxOlYAa,舒适性,0,
ZVi7njCYN1403Kw6,舒适性,0,
UswApGFgzucCfJ6S,动力,0,
3NQxUShkd8iuRemf,油耗,0,
g27EQ5F4bMjSp9qc,价格,0,
yLlrQXn5hta4bG76,动力,0,
zLPXAiHmDMWnrO0c,动力,0,
mKeRHCFLgZSha3c4,动力,0,
8HV3WIDK2JUZSbFC,动力,0,
JEpFPS0tBo5O8hxu,配置,0,
ngzcR7CiS4Db1axN,动力,0,
m7FbotzxgiPfsJLS,油耗,0,
Gid8zRPEolk6q5FO,动力,0,
65t8T14jmI3BnKED,配置,0,
nmVxt4Tyv9CJW7ag,外观,0,
5lFRLkuUODQ6wJES,舒适性,0,
PQRy47eBIkvXzLmH,动力,0,
sLJc1tXdGQUeVhEf,外观,0,
nI0YSRiZdC2MEmag,动力,0,
hszDKcUSek9dyP5o,动力,0,
zqmsg8DSiG2lQLaR,外观,0,
U5RMQtopwFzDVxHm,价格,0,
fjtVdyKrDesmcGv5,空间,0,
lIZrYjg4U7aBOzwx,舒适性,0,
ZXJDu2QoKyFcantL,价格,0,
zfY1mTl6IdCeN5oW,动力,0,
USo8k1D2Zwh56vVB,舒适性,0,
HPR0bSL3CZhuXiNF,价格,0,
hScziZFfO71Gb02l,动力,0,
7fe5siYPBWZADda8,动力,0,
Ia2LrtOkdXybueES,油耗,0,
sTEj9duGX2zAqIr8,操控,0,
eE7PXURqbvwxh9GO,安全性,0,
PSZohVxMmTkD821t,动力,0,
lusRDiW3pwaC1g6G,动力,0,
8tU9biECpJdRGhaL,油耗,0,
5DzJlZEOe2VLKpSX,动力,0,
0aUzxbsfLNnljZMS,空间,0,
HMb4EDrQAZgJy5RW,油耗,0,
nNpYZdeQERiutcD6,动力,0,
vP56NeZdJA8jtXmF,配置,0,
jZTniaUmkgNuroEL,操控,1,
SZDd2UfnJ8lOxLTF,内饰,-1,
aI6hN1ovMDLJGBti,内饰,0,
GRlhBtC0dvqozcDr,外观,0,
yhWKJkC6RxTUtnYB,动力,0,
0Yj4uHZJSBzlD7ix,动力,0,
EBh3kYb5eanuLqw7,价格,0,
t13HaBqTUZF7Yeju,油耗,0,
DlyhrFJX45Wq16aE,安全性,0,
rgv1ykaC29JoQlcu,动力,0,
fDUYhMEs9wBW1o3L,空间,0,
qIn7kULExg92VMcK,油耗,0,
zsADXh4cYeUjEKSP,动力,0,
ouMTnWL81gZemPi9,安全性,0,
RF9YTAlbQU5CagdN,外观,-1,
D2HpBfqwoecTkhdS,配置,0,
lMSvUoJmbs5aOAr4,配置,0,
lT1uLWgaswAOUjdk,舒适性,0,
7ie4ysZjXJ5VUDuM,内饰,1,
YBVgolr0QpKSHtjM,油耗,0,
khWTLVBRobvUn3Ga,油耗,0,
P3DW07uNKaj8sCRr,动力,0,
QKtFkz9vn68ErxUm,价格,0,
GNa1PiTpkvQS7Brl,动力,0,
8T4wfUGLgxm20WZp,油耗,0,
Nk2DL9OcyhegrEid,价格,0,
XEQvpHbD7Z6kPVyA,动力,0,
TNP8GkgvxcYJ51dS,内饰,0,
x6mbO2rHfU3hTej4,内饰,-1,
Oeb0NAwXUjsxJDqH,配置,0,
LaPs4F8Q9q0Wewp5,安全性,0,
csV2lerGbWHDM7uC,内饰,0,
1782QoS3I4XrgZba,舒适性,-1,
dRpfDLrSM0sYWvIB,动力,0,
zGhESjKu9sRvXqo3,动力,0,
ogGOmYu1jtDZQ9aE,动力,0,
lUEiy21aFHVdfK8M,动力,0,
Wr5lt8Xi0dVavhSe,动力,0,
fn6JCwyV52ExNoAB,舒适性,0,
3dOu6RFEPH7UKp5w,价格,1,
xQbOMh3lHYJNAWsv,动力,0,
cYPmsrJMOa4nlDou,操控,0,
udoS4CNYz95EI3A2,空间,1,
QrHi1I9AM75BdZcu,舒适性,0,
tHWyUYRxdGbqf753,动力,0,
l94kJgMBpYoODyzQ,安全性,0,
rM6sP4AXpCfNc7xR,价格,0,
NO8VzjCTMpQ3Hcul,动力,0,
Y2C4dxzm9JLKywXu,配置,0,
XGRehAmp9QSzZCNL,价格,0,
3W9IVfP4BuTlv6Fa,外观,0,
mwgrVdS0lceuPjH1,舒适性,-1,
4vedD3ThESw9KJxN,动力,0,
p4kMIBeaTxqrHFCS,舒适性,0,
Z1kNWAOM9rYol0Ve,空间,0,
Np8JIeV0kgx6yHjU,操控,1,
Wguopj3ZQzSH6Bx9,动力,0,
rEG7UsMicjYIuO0H,安全性,0,
92GLtM6NPu0CQlbq,价格,0,
lByQnzOS3A7f0ZPu,油耗,0,
3BKOx5DzMaQsi0RZ,油耗,-1,
ytm3xPrzZ4OuXIH1,动力,0,
Mglj9pKWkY7Isixm,配置,0,
ocn2sERkmjqQXu4a,动力,0,
pLKVyHlB9n6Yr4XC,操控,0,
CLo6f4RbAyFB3I05,动力,0,
Fq1kRMwxEa0rnJyh,操控,0,
pZwnM9mjutIRUkXs,内饰,-1,
AGjnT4Dd8bOokZz2,空间,0,
oEw5Vt6lpeX2Adg9,舒适性,0,
otT6DmhdEpx5Q74R,配置,0,
6GjoJk7wyDZVFQ3C,内饰,-1,
bOrtawLljMfyNK37,油耗,0,
fxyncAKhsDum2Oob,油耗,0,
SUV7QinvDBPmL5OC,价格,0,
1qT9KYyC8el7Om4M,舒适性,0,
lQEBMIFYh3W2ZRda,价格,0,
7OBdlZ6YKp95SVGH,舒适性,0,
yvEOU7I2Z9pbMtNz,动力,0,
w2djv1uBiVHhNIAQ,配置,0,
foTKrM9SHGp7nuE0,动力,0,
hNiGFEPdTZJoKOqf,配置,0,
0avxYXt4Ld2TDHVq,外观,0,
0PLuvKeUR7rkHsot,内饰,-1,
k24K1ZcWOSYJ07Em,安全性,0,
uTmyopKDFQVvC9jt,配置,0,
bdqIDluG5kZ8yB0E,动力,0,
QvF7YN3B0UdfjpLT,油耗,0,
GdPUZvlCm438WtS5,油耗,0,
bx87EnuPHgq0Vy6e,价格,0,
4MJFjzA0lOP7WLQr,油耗,0,
i8hcmETg5CBa02Sj,油耗,0,
tfIs4yCeYoFlBP3K,配置,0,
bEKPlxQCA4pcwHNU,动力,0,
2YvN9c8p3yrlhIQt,外观,0,
wxzmSrR20gA5kdQa,动力,0,
zalAOVtiG1Upe8Jk,空间,0,
PXrktuZ4oGTNdlyQ,舒适性,0,
EWYyMFKH31x5GleP,动力,0,
O1KpuZhFacmY8AXk,操控,0,
93pxjCQnsPHiXTml,动力,0,
uGTir0Q8SBej1wAN,配置,0,
x9GXPl40AZ5TNiBh,内饰,0,
ZGnLHOQMUmTYfusI,配置,0,
PYnqkagN7J9lGbX4,配置,0,
KDk7SlN9q1BcFa2u,安全性,0,
OLTDzsIkWUeYKHX3,价格,0,
2w1orQ7IHc9piAuV,价格,0,
Lp10l8mH6BTKExyP,安全性,0,
PXdW23e95gLOhBaf,油耗,0,
mCtk2EcWaBZRTzG4,操控,0,
H0ibSq4ndAzyE1hI,动力,0,
6RcohtkEwFMg3Zx5,价格,0,
znAvgJaTW4M0BfmG,动力,0,
389Drm5jzBFvIZ2i,动力,0,
SEFvD0TOQgnlJsWK,操控,1,
TmBDYCLkqhX68ysv,价格,0,
yYc8UX9WwPen0FbI,油耗,0,
JhjbDXaK5oAVzUwN,价格,0,
jMB2W7Pdm1epbYNl,动力,0,
WNyUMEbpTzxGYm9e,舒适性,0,
1M3ASJzo8XjtKBqE,动力,0,
jmBWZfLGlaz2nJUu,油耗,0,
lZIUTWFehBJpPEkX,动力,0,
GjcNvgzmyAlk0CtU,配置,0,
wDhOp9q0JeCAod2G,价格,0,
9v7qXWnwuIgKDBER,动力,0,
bKsdJG5Bu4QFfAEL,内饰,-1,
0gKMWbXrF2qyRTEk,操控,0,
iVy9LYUc8HeQ0sdF,价格,0,
vbUMhGZKA6Jzn2DN,油耗,0,
mkCj5cg1rTxzE7Kv,油耗,0,
9ldhWyQnDV3Bpr4J,外观,0,
mUHbaghwpnzBtME9,配置,0,
xehQGn9UXiu7Z28I,价格,0,
VocwTNU3JkR50mvI,安全性,0,
jSERDcwzuegam0Gi,动力,0,
fApirRuzwkNdanVH,内饰,0,
enEtRf5B8Ij92uz4,油耗,0,
bDqpuTMz2oiR1kvS,外观,0,
JDwFsuZQMy5mVRzp,配置,0,
nGKN8ZPRX7bd9J0t,安全性,0,
xlCcQsGXBZd3hR91,价格,0,
f62Gp0gW98REZAuw,操控,1,
IUOaATJujgxtLpsw,内饰,1,
FR7zjZJHgqWs3oPc,外观,0,
7MtT8ZihRLFqO1bw,内饰,-1,
P3DW07uNKaj8sCRr,操控,0,
bsSwZUhKyEC2zpav,油耗,0,
SVDsGBzTyR7geUJZ,动力,0,
8T2Z9F6LexqXrIdQ,动力,0,
LdQKwOs6hTbY9gfM,内饰,0,
1hM4eqwczXF6buG2,动力,0,
QcaG9HgAwBmpuiZF,动力,0,
tusndCeJTcZWXl1M,操控,0,
L4xNKFochkw71QBZ,配置,0,
tpl0FmwfHdM13qZK,操控,1,
VqT6oaI7dRkEsvJh,操控,0,
RL8iomre3TPFyBqa,动力,0,
7PmnvLBwJSoUxf0G,配置,0,
uzHYh189ySlcvQtL,配置,0,
foxsAMS3TVwvdiPh,配置,1,
kFo7T8n6wXICfc3d,动力,0,
DYhuU8SPpywX2eN9,动力,0,
6oPvUG1VLyzSKxOM,操控,0,
fAhkYX2HCdLWejRb,油耗,0,
xDOnv0fUogsFlkuC,内饰,1,
k3dnRXbhuqiMje8D,操控,1,
HsIpqzCDF5cA39PZ,油耗,0,
KTdD7U8JiFE26GLb,动力,0,
WmHgCXdOIslED5NQ,价格,0,
RQnhPEt8q0BOlS46,配置,0,
6wxXOpZHJ9CNtdeT,动力,0,
Qi3VU1KWJEP8egYC,价格,0,
cqbNCaWf31yOFk2z,操控,0,
E3NbgOkJ9tlinSDp,动力,0,
9gO4pMXdBi6xD0lW,安全性,0,
6sCNZQ0854b9k2ep,舒适性,0,
xSTt0OV9nYkb6NEa,操控,1,
YGIRkO0Zh4NtVnmF,油耗,0,
63RsQ9a0JqXobE4m,动力,0,
nCeg1Kv7p0wfGz26,动力,0,
FjfwQc9OmzDuVA0p,操控,0,
SVIfiYWeB2yaGCQv,内饰,-1,
RaybZnkleEsQvUwC,油耗,0,
iqfN9xbm4kestrQn,空间,1,
SclmZXYIUoBv478b,油耗,0,
SNZAupTeyE8f3DOa,舒适性,0,
bagL1329tZij0Pme,舒适性,0,
RAhPKc3w7zYvTkoD,动力,0,
Aa73jxLqprzgl5VT,操控,1,
Zl8IfcmpNrLVAPS4,操控,1,
1QDHtwCLTPKxBFyV,内饰,0,
eTKhpqbosaRn5jLZ,配置,0,
qy54altSUH6NnjzI,油耗,0,
wKWzETpquPZSohLj,动力,0,
tPHVDaFl6JZX3QOT,空间,0,
Gi3vb2Ha0zCoTk75,操控,1,
sNtAReLBfbXuTcyH,外观,0,
ZwWhIekUOgL2TaVf,价格,0,
6vnwrqt9EU048AJD,操控,0,
QqmEuP4l6sMTXASx,油耗,1,
V3xslWKOyv9ILquX,操控,0,
UZt5DT9jcW6pJam4,操控,0,
cdV1254iqHpAawt7,动力,0,
WL6HsMEi3kNXjbwQ,油耗,0,
5jHabez9oxP4CY8O,油耗,0,
aExKDj9fJ3uMWRAh,动力,0,
n7dWQKx5ZtS2NLvu,动力,0,
WQ8e0VLzm1Nck3jt,价格,0,
Bdw4SNHzOleoPqWj,操控,0,
h6bvqfCNMaJ8p0QR,外观,0,
kewO9xHJuqIoA4jF,内饰,0,
ZRSP1JekE783vNiw,价格,0,
g2vFMCd1N4i97KUQ,价格,-1,
6V5S9TmChcoGRbYg,舒适性,0,
XJ3komsO4CZ0KFYr,舒适性,0,
1rGSYnOx9Fb2ULQX,配置,0,
oWMCgrBjRVFU0mKN,空间,-1,
mouaUxBnX2vHPYsR,内饰,0,
BGE1XAJ6iCZ9uclf,油耗,0,
oPmtKcq25v7i1WBL,动力,0,
7Trbp0cZ4wfnJdxj,安全性,0,
ZAPEkuB72jnC45lO,动力,0,
fqWAnpjt7x4uRYCX,价格,0,
9d8lKywa3B0PfLM2,动力,0,
ayLZMdpuOilGv6qF,价格,0,
uPCDeFYmpcfRz1tQ,配置,0,
iQTYVo8k1nDWMUws,内饰,1,
vu6eVD7EHGRQJULC,安全性,0,
X5fKCPbQla9MGyO6,空间,0,
ifU6TJRIqQ83MBm1,操控,0,
WmOC83jat54SvqiP,动力,0,
xapJi6lVUC0oH9Py,配置,0,
Q4lp0HBNfTD2xYAv,操控,0,
95yan1o6CpQ2A0Ew,安全性,0,
kKxJLtQApVnogGl6,动力,0,
lSQtCEDvrhdxG5LU,油耗,0,
HEORumQAIFNMzDd5,油耗,0,
HkaSb1yPMxmniAOl,动力,0,
krfRF6zIw8uNjZhx,操控,0,
gWMql7QIZcVFX6y0,油耗,0,
4oye1CWiz3OBaKTl,动力,0,
7PYVKRsj3Ftm0Wop,价格,0,
wHYay9uoQIO25Rht,价格,0,
pgUqmf15zBdHi4Et,动力,0,
guCoQmIawZqz374R,动力,0,
7b0pJw65YcICoUzZ,动力,0,
h1EMXCOJgZmAU6Pz,动力,0,
jDBJL5h3N6UK0YXV,动力,0,
qtW1wiyejr4zF3Hu,动力,0,
AlF5rQZI2mgRdhGi,动力,0,
m1d2uePf9JFGbg8a,安全性,0,
XQLp1W6PUGiSueDC,空间,0,
ZltvGnA5m13WLTKg,动力,0,
SEFvD0TOQgnlJsWK,动力,0,
e2maqIsDiCNpbUyX,配置,0,
6Tl3EBqAXL0o7sSM,配置,1,
DhQW8jsTpyqw06o5,油耗,0,
BC5xyqD04oWeYRbl,安全性,0,
XdaQmi2cAYqHENIx,油耗,1,
wogvV9fYFN2uHxMa,舒适性,0,
4p5xbNDUMLAwvzrY,动力,0,
WPIkOoDsAQl7hiTN,价格,0,
rytcHs5GMUWREKfj,内饰,1,
inNDaCQcu5W0xKSv,动力,0,
LAxDmybokc5IijXh,动力,0,
6Zf9kPLzJDMnxaA1,动力,0,
cL9T6irqHNDsZfPe,空间,0,
cqbNCaWf31yOFk2z,动力,0,
pLKVyHlB9n6Yr4XC,配置,0,
1UFKiJnMPgWyGpHc,安全性,0,
yBOG7JzfwRZxHVUo,动力,0,
qju7rk4scUKJ1gzY,操控,0,
dXf2rtkJHZPY0O6z,舒适性,-1,
rjDtVbpdoYgfmnTQ,油耗,0,
PZaUybTwCt4jqsnv,动力,0,
4Nl2xiHZkwfqG5Lh,安全性,0,
YdwaSTE8ltUiZHDM,油耗,0,
uA95avdpWL3YmUGf,舒适性,-1,
G5WVJdhNEr71HyBI,动力,0,
THFr9R5wPhEgeLus,安全性,0,
cC7ZJ9QgyFRduO4w,舒适性,0,
SyZ6BOmLAeYc09pf,安全性,0,
mWbG5Zc1zwy6KtjV,动力,0,
CXLI764WJbzQhcSZ,动力,0,
NGRFH02YfvIpnDZO,配置,0,
4tWrTOAjecVDyFYl,油耗,0,
w3smqIt0CP5yJzSQ,配置,-1,
6yzHFPa2VT09plQj,动力,0,
QLfuikY4NcvKZjW6,油耗,0,
4grifhEPpnxc0WS3,价格,0,
3ufdvW9n6LpxtUmo,外观,0,
gto9WmBOENS3cXKs,动力,0,
n9dFxNf8SVY6wIb7,配置,0,
dtcU9gDBOFwMKy1j,操控,0,
42VhMRSsCcn85kEd,动力,0,
qRL2WfeDsHiExTJV,动力,0,
Sow4k2ylRDgvFm3f,价格,0,
IPMSkDGKeciJZmTf,舒适性,0,
OxkuXFay5GLP1eIh,操控,0,
NAC6vpWtqaTQYXD8,内饰,0,
CY8f92BOTH3t5lW6,舒适性,0,
eiR0Iy3lLo8JEYgd,动力,0,
q6E5DiKcn0GBZxoT,油耗,1,
EWSFin1l7JCw0yOb,舒适性,0,
G06n5apCJTUyW7dh,价格,0,
mkL5BqDI0K72WYip,动力,0,
ytglEGzINRCJ0rvL,操控,0,
z1Vy3OLYhdZjrW9m,油耗,0,
TMYuydGFgJOWSsLx,安全性,0,
jRIDftoT6FSWVA4Z,油耗,0,
eNou2KY4lv1CBD8n,舒适性,0,
iKM0y9SRhw1raBps,动力,0,
cSAgX960KizLGv1e,价格,0,
Tw9nMdNusAitK6LD,动力,0,
wEgZ92N4b6AMOkxS,价格,0,
HsRBODZpbreXM1nP,动力,0,
TfQUE3IXugtVsHFN,空间,0,
0hcGSNLWQne3kuqE,价格,0,
qBLiW1NTHk9KguQF,动力,0,
Cj8LbX4Gs1icVz9P,配置,0,
jZTniaUmkgNuroEL,安全性,1,
jzTRF17bABPMOXZp,动力,0,
v6iprjTLdctoJW3b,操控,0,
4Gu5FCl1ypm3MYjh,配置,0,
jN3kMlzEJiRSm6Tr,动力,0,
iQBEyOb6tc38jhvC,动力,0,
trkwUxXBOTW8scKv,操控,0,
sI6Bwh7P3OuHftLr,动力,0,
xbHDrupSlPEoGLQ1,操控,0,
ZMD2lEGc1F5uvbKY,操控,0,
BnCoOXjLN9GAduti,操控,1,
BcEzqdb6HlyGae17,价格,-1,
aU5RcOCxXFNZ3tvJ,操控,0,
nNpYZdeQERiutcD6,外观,0,
i60D1tkneHlwOWK4,动力,0,
pt5BcYLVWrAXq0GO,配置,0,
64eN5ZExUkXqpPa3,配置,1,
y3Oa1dcwCjlBsRPM,动力,0,
X8JCHV1snwA9LpES,舒适性,0,
fE3mb7KTQvc1wFZC,内饰,1,
6RsAS4XJv9zxehOm,内饰,1,
ZXzQi6UeEIGamhCY,配置,0,
xGaLW1hdRjQFKXcN,空间,0,
JU7rLiNatO89MEwQ,配置,0,
vPCDf2OemEGh4jzl,空间,1,
OBd3i7fxTRQSL81h,价格,0,
ODQsAT5ieyg9JNSG,动力,0,
nlf4epZz7URcOWjT,价格,0,
zy2ZLBUmdKwXcE3x,舒适性,0,
uQRGFCrTxONUekwd,舒适性,0,
wm62yPbD8engtuGI,价格,0,
RD2Pd4wIn0gGCZHo,动力,0,
H8eBXno1LjfbMyPW,动力,0,
jS0ZFgm9GuXeN1QV,动力,0,
lcHAXhtYT96diyCg,安全性,0,
gKNIduqReyQ5SlGA,动力,0,
drjKsNTnk4mWUP8t,配置,0,
saFThguOB6fZHbAw,动力,0,
RzW5GLurQx0imA2N,动力,0,
D5M0H8WsjaVqOKSl,动力,0,
FS5OiPvMQdKnjEBT,舒适性,0,
lwz4A0aUcGDJVOxX,动力,0,
gcvFNLBunQA1rDq6,动力,0,
OJDLu0ziXPNRT6df,动力,0,
EFY6DBolxfH7Cj2b,舒适性,0,
yrAnx9mfHYN0OT6g,配置,0,
UJeQBwqGfKhWTScr,外观,0,
bcSrvXnfwh9G1sCt,安全性,0,
hIGorWwQTapkS5n6,油耗,0,
3ya5ghm4wi9xcjTe,价格,0,
QZHrOlg7P4Xdy2Y3,舒适性,0,
1BwODEj0vsXiWGTP,内饰,0,
YFsPnXeEVmh3LJRf,内饰,0,
uNQz1OtKm2qviDR6,动力,0,
5vHgNbhRuU7IEK0W,配置,0,
plOukMgewSH5dDXU,油耗,0,
PIa7mWRdnD4Y1SAt,操控,0,
LaG0oqHdbXiuc567,油耗,0,
KBDSkAULJQ6v4WVT,价格,0,
DcgBNjtiLyvfmbwT,内饰,0,
fkqNdWp61ien39JX,动力,0,
wbtMuQ4noYlU2gSW,动力,0,
Ijf1P4FEWUprbgZl,空间,-1,
87qamroLVRjO2T5B,操控,0,
fvme2FaMH4K1AIWG,配置,0,
ESe8uGVpthw2qvAI,动力,0,
9hv6gmwl0XbRKArI,舒适性,0,
kH1Uj3GozYiqpt2E,油耗,0,
6wAv17L0UaybuNfn,舒适性,0,
oK8vTpZzAag7iCur,动力,0,
sjK5uV0zPwJMld2X,价格,0,
4zBtJOUsglWbkduc,动力,0,
usM75JBUIWXqh81Z,操控,0,
Elt20YcRZz5FhuWo,舒适性,0,
ikqn9SVU1dDFeYpb,动力,0,
1VkicdAOjC6rPqXW,油耗,0,
NjgqTBvlH68mWId2,舒适性,0,
j2vcEXIrmkH9qs1J,动力,0,
sP2Ax8OS9bgIafqE,动力,0,
nJlaY3rVAPydU597,舒适性,0,
YPyQjeoxu0N5AaqV,价格,1,
1KRVcuea2SYEsynd,价格,0,
O732ncCsp8Rr69oF,空间,0,
DkSA0nRvwyxrmJzo,油耗,0,
8XTxs5km0RqZVDcf,动力,0,
qTf2jyoJYALC5DZ9,价格,0,
u9cyYrfEjDaT84UH,动力,0,
WDOtTbYw01FIpM3G,空间,0,
RduLxnEZ5Hp6rhU3,动力,0,
jaFxOp42fse6RdLK,动力,0,
3Zl8sQoSMrOUCyhg,价格,0,
pz8P7vGWgAeoUbrc,价格,0,
0UFPpKZAuO58jTk1,油耗,0,
PAZY0lb9LHWEVGfJ,舒适性,0,
imvjh6fsbZ1B8tDk,安全性,0,
8mYAsyPTbdnLtoEG,动力,0,
XyZf0bjvpHk8OM9i,动力,0,
xr9naXZ6QuegToj1,配置,0,
eLaUK1R3dhMSW8cp,动力,0,
NvnHL1P70qZxFfbr,舒适性,-1,
6ALsOa4BdUbFfGr7,动力,0,
bXUKus15n8SeEHRt,内饰,0,
lhu7cmGoMekHqBaz,空间,0,
10jN9LtICWPOEuhn,操控,1,
GFqcbBlxWdEOZ98U,价格,0,
JQyzMPEWYdbkue8N,动力,0,
7pDJV8ab4NjH3r5e,舒适性,0,
xpwuMGFyiq06ldaO,油耗,0,
gHiD3zTUrPCd5FWs,价格,0,
sdAoJBha65SUxfWM,舒适性,0,
0jTdQIPg6ZaLp57O,外观,0,
eEzqhWBtb4ZiPjyv,内饰,1,
RCTHDFv6aKXA2WjI,油耗,0,
S0D8e9tuBdQpaWFM,油耗,0,
Krp3Gzk2aNhHJ6R7,动力,0,
Lxkirv1mpWqPR4SD,油耗,0,
XcTm3FlvduPys08h,动力,0,
qi9FRgkn70yJhV8d,价格,1,
BOd0oJ6g1hTnkKuL,动力,0,
yT5KQ81OwgWksu9o,动力,0,
xUHl0LQJ9usiCwcV,安全性,1,
6yGYa4nW5zcSeARP,油耗,0,
Dj6R3K2iLuEtUnWG,动力,0,
eyXNfkKiglxR6btY,安全性,0,
Q0fVx2qNWLe916Pz,价格,0,
rN1gsRZq98mTL2ow,内饰,0,
b4AXUmFtI69dREae,价格,0,
RUEu2BIoVeTsdk1N,动力,0,
kJ3zZl2fvH1sO5SQ,动力,0,
S9nuf83qIRJ0C16c,价格,0,
tyDsn2CHM0WJzwpX,动力,0,
CF781DrEqjJh5eHX,油耗,0,
8Y35jtbpHAeThg70,价格,0,
jlxnYgNMRSEbQ47I,舒适性,0,
V84a0xwl6KoqWBSH,动力,0,
YmJvLaRo2IEViHA9,动力,0,
jH26yO7biuw3Vgk4,油耗,0,
Z1quzevkUXF9JplK,油耗,0,
cIevXAM5FRp14Nni,操控,0,
EFVfO2leBpH0uzrw,操控,0,
UMN9f4gjq5VCme6B,油耗,0,
eRQXz59hG70FxqEJ,动力,0,
1ku5LiXyCl8rcbSm,外观,0,
FDkmPVcfhGbToNuX,动力,0,
km9lwKfsUGpFJnI1,配置,0,
x3cetT4bV1iw5EDR,舒适性,0,
V35fhcb8qOw4uZBF,安全性,0,
H5oIvqrNuGT6gbR9,外观,0,
dRtVLIX4F60YvMbG,舒适性,0,
zlEgoQBSR0eHYWjw,内饰,-1,
wpEQ0ZFLoJtVBiN5,操控,0,
EreqkWG8o357Htdh,价格,0,
nYqDJsS4CEVwAu8x,外观,0,
0m3DxdfAIcgnE4kM,内饰,0,
6veUACrcbaDWgSPq,动力,0,
4yL7D9NefqodO8FB,动力,0,
uokFtR1jyIimG9UT,动力,0,
a52KoCrScpnW8xlR,动力,0,
IBwacFpzU3vL15EJ,操控,1,
TmUA689Qhy3qnEVI,操控,1,
swWXCztEAlxLfkOI,动力,0,
vNr9ZPWB7CUtenfi,油耗,0,
J5DLaj2MlofUKtkT,油耗,0,
SW2KCuFyexEhYBVN,动力,0,
bQIGj73D4BXPpCdy,价格,0,
kncumDHfKpPT8bAQ,动力,0,
6e2J5pdRaqDWvSgE,动力,0,
NQZHaLmIEezTJ4RM,动力,0,
gkO9FGQhnDH3iUKB,动力,0,
DWCAvrcNBPwxZFpI,动力,0,
dHaJFoVOD7NmYjTq,安全性,0,
TC8ux1tecBnbEfW4,动力,0,
3WVqgl5iaRbOdHe2,舒适性,0,
u6GAPLMJ0Z17jpcK,动力,0,
MvTeRyIP3bDq89Za,油耗,0,
uPwVh0CZYoTeGnbD,动力,0,
qLpTto5K4MyNFBaZ,动力,0,
6ru4D9eIzQ1iPkxv,配置,0,
TEJua7ojl5kVQ4px,动力,0,
5cq2rLbojOuFiMZS,动力,0,
t6UAah74Glob2D0V,内饰,1,
BnYHIo1OSfQNDwKE,动力,0,
CTatqAVoBvLW4GbM,舒适性,1,
gsiR7FHy5YndmTXK,价格,0,
uQInq3LADECzT24P,动力,0,
b6KteS4iBquJc0FW,内饰,0,
pcK875yafZ0DvE9S,内饰,0,
NvnHL1P70qZxFfbr,动力,0,
1wqRWndTe3Vh28gZ,动力,0,
Xtwd5mShPOoQClkK,内饰,0,
bcSrvXnfwh9G1sCt,油耗,0,
xipCKcrkQZHUS2W5,动力,0,
um2A5EVOerPf1ZKS,动力,0,
SDKT7uqyZBLV5cMt,价格,0,
20o1aeNxbApYK5SO,内饰,0,
BnVNYmgcslkfGDSe,价格,0,
SNJBxVqDgp9vAKTr,价格,0,
1IS5ErKoGiW4Jjls,价格,0,
dbX9HnOZxTk8acjN,舒适性,0,
h3NL9F6Y8Je1PCE4,动力,0,
Sv7PqgH5IRpQst3W,价格,0,
rf7MZgcWesEv6SuX,油耗,0,
WgtvsofC74wOIYVb,动力,0,
p8KlrEFaMN7kw49d,外观,0,
eaUX9AmLpQBGMIdT,动力,0,
bX2DFsLOUIMxQzCB,舒适性,0,
ZhC07bX9fLwAEerz,配置,0,
tvTr6MNcyhmkuRAX,舒适性,0,
C3XZHxoPsjNYBdun,操控,0,
eVw2EoqQzPafcni0,油耗,0,
aHtQSMkbuWIo3ZKU,操控,0,
HmYrcn0IFNevJ7kK,安全性,0,
o9iwO8ChDBUTJ7YI,内饰,-1,
kXnywtp49dbE2aYM,动力,0,
gTd84yZ6R0VLaYSF,外观,0,
J9L6sZFX2fcUBzOS,油耗,0,
n0zyhMV2qCcRT7sL,安全性,0,
cJYGbOXIMWZxCw5U,价格,0,
74gkpaVmG8F5UCoy,动力,0,
fwr9qOUYsxJK0ACm,动力,0,
8SLQhgEHsDZiY0G3,舒适性,0,
et5VZWzFxImKYRvj,动力,0,
sentDHB4yQAGR5qd,动力,0,
wutzFdCyRmBVZUPf,操控,0,
JXZdzFwTgAECRc2l,价格,0,
7W4hb5ep8twNRC2G,操控,0,
aV6A5z8pJRkKIC9r,内饰,-1,
2HM9K0C3dWPmAXjk,动力,0,
fwr9qOUYsxJK0ACm,内饰,-1,
DSPzKeLH0uhMtqbj,动力,0,
YNVm4FeIfWKG3rds,配置,0,
PRzBNSQ0WvlJXjcG,价格,-1,
SodBsCOQX81g9npP,价格,0,
Gbc8jJ3iENw7kISz,动力,0,
8jgDfxBpO45FWl1m,价格,0,
U8VCky2zHw9neYr3,动力,0,
hxR9gUEeVuBHcPTk,动力,0,
gnpKm9FPl4Y3OL8h,配置,0,
Z8IsoVLB3CEetMUF,动力,0,
S3Aq4NOhFDspEgZm,操控,0,
bnJs8fFTetghcwOu,动力,0,
wTJY4NqXUaPSgpWt,动力,0,
QstBTHJ6o7UXY9vy,价格,0,
MFa29rps6jzg0IbC,动力,0,
Kj9XGruNPEwWDRiT,动力,0,
fdIJSbNeVpoT86PO,动力,0,
xORtcHMv5gy4UWJB,安全性,0,
ieuKRNqP0vEIycaB,安全性,1,
zu7TV3p9yI01fb2i,油耗,1,
QYLVlAzboyFTHWuw,操控,0,
td5LqgfD2sWUjPTY,价格,0,
Q89PBCgxDdeJ5Vfn,内饰,-1,
Pchj7VARe4gtmiOd,动力,0,
zKdkoRw4fSJT865W,内饰,-1,
szVrI4Xjv7ibBOPy,内饰,0,
UhAyZtKqOQDXFip9,安全性,0,
LkZGyAF8qdNfuQBt,舒适性,0,
jwxvW0p7E6XL81za,动力,0,
Uin59f1Ar6ELcmZu,油耗,0,
PkoMaELQGUmgFwT4,配置,0,
5rBkYEyl1IU0TVhC,舒适性,0,
wWxseS1cGTg2DhHK,配置,0,
qB7YzNKymM4euFwL,动力,0,
u32zFWTmvhSBALfV,空间,1,
3HdWEaZ04DPAhLfk,舒适性,0,
BmPrwYuL8QVetZjc,舒适性,0,
kQKoDcN2pVsHnRvX,价格,0,
237pFikwragGBfnt,动力,0,
utZCnePpvXOERx5L,价格,0,
9BFHXUj4RpgNcY3r,舒适性,-1,
GTx9wel45ru2LZoS,内饰,-1,
6GMYQa0Ag4o9nsZ2,油耗,0,
wBmEAOR0YjlgkWtT,动力,0,
lgWB1GQPU2LtCbIO,价格,0,
23EJ8RwY9PcotslQ,动力,0,
RfchnPL26rEYqU9d,价格,0,
sACTVgxNDPSJwRtj,油耗,0,
6x4Is30vB1laSHoN,动力,0,
8g9n4vVqZQ6JSP5x,价格,0,
5lWHK0DEnU7g8S1C,动力,0,
0suojbqVSYImN6d8,动力,0,
ZgEVkuFc0QNqpsYG,油耗,0,
4Nx9kchmQwlHE3YI,价格,0,
EVMhc9sRnktBZ2I3,动力,0,
m9clDQRHJEe7BVjd,油耗,0,
f0y2eka46dZWtm7n,油耗,0,
m4idJxSGcC0lhnvR,动力,0,
7duqegOxLs2Vo8XW,舒适性,0,
NlxgP3eYt0nzKB5j,动力,0,
PzDH9W2SLkI06jXn,内饰,-1,
3IULXkViPBDKYjvw,操控,0,
wnyujq8gV62lDU5Z,动力,0,
trkwUxXBOTW8scKv,价格,0,
Avuyps28QEtHM73w,动力,0,
TBy1z62utW8GcvIs,动力,0,
RZmu9FkdT04Vpx85,动力,0,
t6nfBVjDOw9vxmqr,动力,0,
f8BTX1hPxIEVuAZD,安全性,1,
1782QoS3I4XrgZba,内饰,-1,
AdTjwHJso1K6Xcpa,内饰,0,
hQpxuaeL51if34Ss,价格,0,
L2XqxsdSn46Iluap,动力,0,
cRefvwSOFjd2pMCl,价格,0,
50URtN4rqHjKGT7p,动力,0,
yv10mXsOb8okPVHz,配置,0,
dysLaH7rFpxUNwTG,操控,0,
HqdWmhoDNjFyMVBY,动力,0,
J0bUnY4IPvZ1oaCt,动力,0,
fV6y2A1na5iSImbp,动力,0,
nMXptb4eFWO0HJGg,舒适性,0,
IMofFWZihwPx4YdR,空间,0,
fSR1A9e6jH3UMFI8,内饰,0,
xwpBL2Rf89F6qO0u,价格,0,
kZxn5LJOHMV3yGet,配置,-1,
Kx9qJV7Bwcn8DUhp,油耗,0,
dM3i6seOI4ckbZtg,价格,0,
41UzNi5pMPDG7nhf,外观,-1,
gDHSRqoWn0m3A69d,动力,0,
UuaVhwncR36Aoqkd,舒适性,0,
xBDNvMtL8ZQbg4IU,舒适性,0,
yfpeWc2ljCkTvN4L,内饰,0,
kb4dKYRZEAnFToIQ,油耗,0,
GyS9fbm6AiWaTsXC,操控,0,
sMi23mko0HIQtY8g,安全性,0,
4EUXhTtA5Il0DPGY,价格,0,
VJuCFZrUz5RapBgX,油耗,0,
pT16YmJPVbAU4kQM,动力,0,
ZPylWN6mJtq73xER,外观,0,
Vhk03O6jgnm4v78M,动力,0,
NbFEO2GfgL1dJcQM,动力,0,
QhrgY6ZaNL4zjfJB,安全性,0,
hkoHX79LspCBglwO,动力,0,
073DfApbZlcJ1tWE,价格,0,
rJbkSWvNsAdq5uY0,价格,0,
MGfTopKhv3tr67Ik,配置,0,
xRIfryc1MG3nJOqQ,动力,0,
QAIbFNTvKfR5WiyD,动力,0,
LPRsZi3tWXrguSVb,内饰,0,
ODEdFk6L4psH9l28,油耗,0,
0lIuJGehVMFN3YQR,操控,0,
5uj6bGWhXVE2aceA,配置,0,
trsL1COIpBSWXMex,外观,0,
wtoBu6QpKzlO8maL,价格,0,
TaxO205pDtulHG9i,价格,0,
5SMgPUyoustRpH1C,价格,0,
oXH1rCKNQeuSzRaF,动力,0,
UdaiYykEnSQ4txcL,动力,0,
bqlw4Hz1UL05MRC7,安全性,0,
fRC3VjrYoL2OFZNz,操控,0,
RCEkxf7X04bpOIwa,内饰,0,
rRKxz0l5Jqo42GF7,价格,0,
HkGilbeypwMczdoQ,外观,-1,
OQVWijN4lSh0FTey,安全性,0,
QG07en46S5qxWUud,动力,0,
4RpKoDmk1wrHYGIM,舒适性,0,
I5yzgdLlFQDfnRpC,动力,0,
zXPLFe5Sqvc06RuG,空间,0,
nWp4U7IiXA6PrQmC,价格,0,
uzHYh189ySlcvQtL,操控,0,
WaPyGLwQE0izcMd1,价格,0,
Mb7fevclI1UmTzo3,动力,0,
YUG1zybnqjSDmZkJ,空间,1,
rl8tJSg09y5dVI7p,动力,0,
cWPZhVkyJmlqIxpK,配置,0,
iAktfmCUh4aeMrZS,舒适性,-1,
uyRJHd68iBMel7cD,舒适性,0,
DnymwrO7Ga1Qbdth,配置,0,
XfUjb9C4gzecudla,配置,0,
b2NSpzV4tH0qkZFg,操控,0,
0FhVawIBEuy3rkZt,动力,0,
hTSecn4GNgLbAKHM,油耗,0,
lTwuRqjUV0eOyCdc,动力,0,
cSMj9dkghvyolA8E,动力,0,
E4F8RcQVtDWxpUiC,动力,0,
QKl2ZEa7RoO1D5gx,动力,0,
qprZFwPWEnxV7mUQ,舒适性,0,
ktRpUxV2XhMAsT3m,动力,0,
yLhg5NmjCWat4YFV,操控,0,
LN1rgVTHliQMzw4S,动力,0,
5b2XhIBYPOCfMzcu,动力,0,
pCy0wamSeUnDP9Fr,外观,0,
CLvyj8XoId23B9nH,动力,0,
qjNEdkwbV26fczBn,油耗,0,
PidjOceCYJhm0Tpv,油耗,-1,
j5dIzG0CvbFxlQgf,舒适性,0,
nNpYZdeQERiutcD6,内饰,0,
zf81NdHe4J0GWY95,动力,0,
23dl14boAyWkLuOr,动力,0,
5lgjSRwKCb3D4WTF,舒适性,0,
KPM8W6gr9zYblAHZ,安全性,0,
FHdO4pZhf95D8bzi,价格,0,
8gpBxQOPj2YEW7CH,内饰,0,
aGZolLsBfVYvHJq6,操控,1,
hLgEADQ8sUnvGFK9,价格,0,
Lw9O210Qyh5Uut73,操控,-1,
uIoTZxQ2fv5AsjUF,配置,0,
FaoyPdLRkElUgb15,操控,0,
uj09ckHdrbI2gDXw,配置,0,
v2oQzqurO6aEdAsh,价格,0,
QPw1FAiOeSdZ9RHB,动力,0,
Ht7R0SnZMEV1eD6Q,配置,0,
hRdiWSO5TFyoEteD,操控,0,
i8yeJ1PhSDWQntf6,操控,0,
WxEeKpSHrmBI7Clj,动力,0,
nZmM7LQsfr03wUaz,价格,0,
rGgeAiF6dkhOynmp,配置,0,
qIn7kULExg92VMcK,安全性,0,
lQ0N8fd4On7TzcsD,安全性,0,
5bldocje2YZPXLQI,舒适性,0,
msfUBPLAMIHYVkKZ,安全性,0,
aKoINhXEle3QS6zy,安全性,0,
0GtHsUD3ikzZoX5q,油耗,0,
wKQIg3OYrmpie2nT,价格,0,
6p8glZ2iewsInqK4,安全性,0,
WzG1hoF0sn4YmMNd,价格,0,
Cme1yAS3oLdfiRBK,价格,0,
xUHl0LQJ9usiCwcV,操控,0,
CADf8GVlMn9r6me1,配置,0,
DBYMylWrtnzuojCP,油耗,0,
n8EbUTyJVxpGtWzP,配置,0,
q0OhwytNBT3Pe4Rk,操控,0,
5JBfIwshEo6tUk7K,动力,0,
NT3qf2R5XrGonlgk,油耗,0,
YbZsXMk3PvaVQnLK,空间,1,
ciFVdL85Xfv0wEaN,操控,0,
dVpfHBG9yDblOAE4,动力,0,
j7FmnNEyAGBHTu51,操控,0,
2ie4Fb7PBfK8TH5Z,操控,0,
f5UhrHg6Zztl7VWj,价格,0,
DWyohezJr0CQONqt,价格,0,
LI0lSFPZDOzrqnyj,动力,0,
KEOIiakFoBJr2dRp,动力,0,
WMXYuq5lbzLDwjAg,操控,0,
n7YxMp8c9Va2Nfse,配置,0,
KuUYrzfIatBJyOXp,动力,0,
A34yvHZGOCmtczpf,价格,-1,
wmbdEs1giGzMeoXR,动力,0,
td0peuT5361WJCy7,操控,0,
cNQ96mvLJTPXU7qw,动力,0,
U3QFHRfOXGTYw8Im,动力,0,
BaG7VWPc8mUQ4d53,配置,0,
GtXULc9wDHPn03Wv,舒适性,0,
FZmN0vrUKYuVsDtl,油耗,0,
ilVBrAke3EZMUyPt,安全性,1,
xPCJYDniI6RMH9NA,空间,-1,
JjiHAduZ3KN1vBmE,动力,0,
9yHswJVzLYWBv7DF,动力,0,
ELdjWvrgNzpR5shX,动力,0,
1hTnwObE6Pv4ilI2,舒适性,0,
0HR9mNhn3dzgXr1F,价格,0,
4ft3dcD51ujCWYrR,动力,0,
Y52oLvaXJ4NfTiHp,安全性,0,
AB4sGnS3vVEq8Dxb,动力,0,
Qykdt2N3oGAhrgOb,配置,0,
Mq4oVg68SWFBz9i5,动力,0,
5sC9Gq4L713vcpWt,动力,0,
6pu0SFqDrhfeTEUY,油耗,0,
yPUh5KZ9vV3lpsGB,舒适性,0,
3WVqgl5iaRbOdHe2,操控,0,
e04NZMmVT1qLJXIu,动力,0,
LjrFIVgQ5TDaWwd8,价格,0,
nhAC4mEYRazX9dJL,内饰,0,
WLHp3PYJ9FvOGXE2,安全性,0,
OiM0P8nZ6Hk7ECLR,安全性,0,
fIHPrW8MzVdC4kwF,动力,0,
QG07en46S5qxWUud,油耗,0,
G3gFzhjsWm8xqHTV,内饰,0,
nO5xei9AWYfENbR4,安全性,1,
DuofMgjiE0UvP9Gh,配置,0,
ZYL14a2ypDcoB8T5,操控,0,
OvSEW15GR9L2TYpC,价格,0,
UAaZtl1ST5kuzoem,舒适性,0,
ZAx5w2LSbkGdRMFQ,配置,0,
6AzsD3lBJFKg0tqL,动力,0,
uhpTbDHGwLadQ7nS,价格,0,
jw6r9o5lKR0qmnYO,价格,0,
cADZp9bExndsOuWC,配置,0,
wrLa3dy1MTJAUbIj,油耗,0,
TEJua7ojl5kVQ4px,配置,1,
0lDiXVGqkezETMvb,油耗,0,
j2bY7lqSH3PawNn5,价格,0,
ZzE8HB7INmuFSyl2,安全性,0,
Njqb59iEroQOJ0CX,舒适性,-1,
c95QCaf3XKtn04VE,价格,0,
8NnaMkJhHyALDcPZ,价格,0,
2zF6AfHu5GoP0nSD,内饰,0,
3OFdtEnJhzgjDvwG,油耗,0,
Xrxp7HuBg2v4qk9O,操控,0,
yC3afKYxGScuBvmE,动力,0,
4Gu5FCl1ypm3MYjh,外观,0,
056sXLUenx1pItMv,配置,0,
2gO7dWM6rD9SHvEY,油耗,0,
u6GAPLMJ0Z17jpcK,油耗,0,
YFsPnXeEVmh3LJRf,外观,0,
AGjnT4Dd8bOokZz2,操控,1,
2b6R1V7kQS8UMxY3,动力,0,
QY9l3vw28UtiBCs1,动力,0,
HpW5LyeUK6rNX4g7,动力,0,
XfUjb9C4gzecudla,动力,0,
HrxIikTQemGdJKAL,动力,0,
HZ1BLnSGKDtxcRP9,动力,0,
VQkjM1657sIroCf3,舒适性,0,
esnKxNyH6YRCvplI,油耗,0,
heEaPY3Z1upcSxyt,动力,0,
6jce4mRanQMGoE9b,油耗,0,
LobyXDu3GfzvTO6i,空间,1,
TcdzWbYEAqNIiPyp,价格,0,
zORsTibanUPKqA7h,安全性,0,
wkjKsHS6l84xU7cZ,配置,0,
LM7f4OynlJb8HqvY,操控,0,
BDQtfKrop017dWn9,动力,0,
YUkilVqunSyWdFAJ,配置,0,
Na2ezFRWDrCGY571,内饰,0,
6nb4X8DrhGIysL9R,配置,0,
lC9WBmsbinDwXrPe,操控,0,
az2weAL6kCjmvVru,舒适性,0,
f62Gp0gW98REZAuw,动力,0,
AEJ4Rzqk8PL5bFfg,价格,0,
jBqdNvYz46f9SiUA,价格,0,
knmwaYgs7Er53DfI,安全性,0,
ZvSrjpV3oYxARtOq,舒适性,0,
snz2FbtveQmiBkSw,动力,0,
c3Cb5atuQJnVgEKL,动力,0,
0euRkBO8AwisjYTJ,配置,0,
sgIYzSvnFhjBVPmN,动力,0,
P4vcBzdLeQJ356nR,配置,1,
N9CZ1kQdnrxPaqRs,空间,0,
wB1jPZH8753R4lJk,外观,0,
hS3dVHQLOcKrPkBy,安全性,0,
CS8uaGHjZex7nqLv,价格,1,
5vIQZ276cW9nhlUs,动力,0,
5gRpXMthv6sO9lme,舒适性,0,
PL4QzxNe8wsGYd2t,油耗,0,
gdibkoSsHMfZcaIm,内饰,0,
7prF9LJoixSgPQvM,安全性,0,
CKGlT36QPrIi1Vgm,油耗,0,
b5aExqZsgelO2fvp,配置,0,
FATNSQnbGueDtVOf,动力,0,
AcT47a1YvjXbyodn,舒适性,0,
jHrbay0T5MYIFcfC,操控,0,
s4KEk3XfTJSz0y18,舒适性,0,
aERCNQcw9WPjtSTb,动力,0,
um2A5EVOerPf1ZKS,油耗,0,
WMfT8mP6bRpHnhqr,空间,0,
UPKih1JczNOf3YdR,动力,0,
sWdoqgak2prV5Xfj,舒适性,0,
yhwXVqQiSFe0KTGu,安全性,0,
ElJts2TzVubrW8f1,配置,0,
isSJMTg0FcyKpOQH,操控,1,
dHbmaZcxAgpnwETN,价格,0,
ICnk96qfHQtTULAc,价格,0,
8pJX65eRkD7rd9cW,动力,0,
Ba2VwQMKHtrxGzpm,动力,0,
XdMQbHDq7Vs3n0IG,操控,0,
3AsFYcJ4OrW8wT7l,配置,0,
CmIWFZpKzrEfqDVw,动力,0,
tHD0xImBS5ZLh6nU,动力,0,
7hHUfbrVKp1aAFmN,动力,0,
HcTv3d5k1a2plO6W,安全性,0,
S4iz3DlsT7gZ6Ooq,配置,0,
nhK3bVtY2XqfoFvu,油耗,1,
Mgw1hyc7iC9AXGn5,动力,0,
qpPHjUw7IMJNFSub,内饰,1,
fHSqoTiP2bIrEG8U,舒适性,0,
1UZSqnC93b8B2gmt,操控,1,
RY9SQqt2147cxZsz,动力,0,
ay6bwYNud4KBVJXg,动力,0,
nrV4zqh6A83S7IaL,外观,0,
Zp5XkQmVtjNS2Yfq,油耗,0,
jTa6KoI1ymA2HekJ,价格,0,
MrigDFAYRsEfINkq,内饰,0,
vNgGz3Kfj1qCe92E,动力,0,
IdTQ1FwiJhUtxE02,动力,0,
Z0SpD3Pvtoj6x1le,油耗,0,
zfu0NKtCVvXrDeUi,价格,0,
X3zZC0KfxVIMON5k,操控,0,
5hscw7oaqFm3iCBx,操控,0,
s1bqrGugAkB06xZj,舒适性,0,
YQi8OESrgCvjPT5J,安全性,0,
CbRdc5SULZMa0ENu,外观,0,
kfXRn2sNyMrh8m13,操控,0,
Ur5LIl1YoBjWQEJg,动力,0,
g0fZRwv1tWXLloUr,动力,0,
av18RgOi9q3zLJZB,配置,0,
jFysDmnNYI1RK9A5,配置,0,
4T3COzh0KP98wnWv,油耗,0,
3m7VUknLa6Ff5rPc,安全性,0,
LU9S1nwJeQicBPFH,价格,0,
FK9f0la3xHeTbqws,动力,0,
sY8baihTfECGcK4q,动力,0,
OUIc9F38ut6MoGex,配置,0,
yn5Yup943KleQIDg,安全性,0,
bxrpsDYROK5iT1qj,动力,0,
cduP0IO6QzeqXbg7,操控,0,
pd5YZ8zr3TGD0BKl,油耗,0,
WZmFIHJLqT3O1BVk,空间,0,
8CZDFqhGmY3HwVz0,空间,0,
kvluCRfjq3GIhLaH,操控,0,
3AJkt7mQYBeqS8nf,动力,0,
yKxYB9VuHscOGSAo,内饰,-1,
LAxDmybokc5IijXh,操控,0,
ILV2xjt0r9Ty1f76,配置,0,
bhmRrF9xA5vSXt12,动力,0,
bemz6FHr47lLEXqt,安全性,1,
eCRVcP7qzTEwsY6m,价格,0,
SelgL0QrPayBZ18K,操控,0,
BtKIWmdH0Zlk6jNX,安全性,0,
YtMgvoicjZsrW1Qh,动力,0,
XrQJUSeIVhBib86Z,配置,-1,
iSp7q8d4eW9honmI,动力,0,
JeE3SgAtsuXwRzW8,动力,0,
XJRznHOEuCaLZ3Vy,舒适性,0,
AsB7ojNxuFhLXyW9,舒适性,0,
uA95avdpWL3YmUGf,外观,-1,
Ns9dpHqrizVLSA68,舒适性,0,
oHyUi0BYVrSJ6ILs,安全性,0,
CIUjik9uDBxWScgt,配置,0,
V1NSF709AmjTRPhe,价格,0,
HiouAKZ24t58WqFV,动力,0,
3p07am26KFC89NBM,油耗,0,
MR3lsLjIOEXeU2AD,外观,0,
KDk7SlN9q1BcFa2u,油耗,0,
3oqNdjLtr6HBxkKD,价格,0,
wRzlYSopnT8tHMmP,外观,0,
tEQLJfKlMnzOs0mw,内饰,0,
DamKXCFiZHT37BGO,动力,0,
yoH41Gi9Y7RXmJwK,油耗,0,
oepEUuObd6f4v3iR,动力,0,
bvYTCJoyWRrFdIOe,内饰,0,
JQ6CTFYDoSihxXWr,配置,0,
R9X0n8kExU7IDWC4,外观,0,
Er3x8Ks6mpQqeZO0,油耗,0,
qCrxFMylGAKYfR8T,价格,0,
WYy2vQpGH3eAhtrz,油耗,0,
ywJhqCI501xpn8Tu,操控,0,
fjNK5psFJVzrPbgE,外观,1,
ehkY7aj6X89xMyr5,油耗,0,
jITzq8OdwA31Htxk,舒适性,-1,
ECRjsnbiIY74PpDO,价格,0,
Pm0r2h5HI76nXvos,动力,0,
xfLZk8MAbU6OQYVp,油耗,0,
xHGBLXJ46qubCzYA,舒适性,0,
01kgxZUTtfODp2hr,操控,1,
GflobpT9ijXwOdUe,外观,-1,
fCygScVsndP3Zt15,安全性,0,
SlMeUu5ivcAJqVX0,安全性,0,
JRAFg3bDo1C67q9h,舒适性,0,
AlF5rQZI2mgRdhGi,外观,0,
qvD82LNTpMdsAXIe,动力,0,
Evce8rR6PZIXdsyF,油耗,0,
9FVrmxcqvdC4pnzf,价格,0,
AMlzYOEDGNWr4tUI,价格,0,
qx2nhsRFDvKHW68z,动力,0,
8qg3OP1AtB5Evz9a,动力,0,
i5MfVSO48chl0u7N,油耗,0,
uAzN7fjJWyQq6KXD,操控,0,
ZVTLb5YBRHwAs4qh,油耗,0,
yNW7hAIvr2E43fL0,安全性,0,
Ky2H3WgfdaIwrSAt,价格,0,
7ieCQ419O6jBvbWk,价格,0,
KYaEbkqyUBA4Dtou,配置,0,
gpHn7KrjRx4Di3LG,动力,0,
zs3gC6PE4kfNb9Wt,动力,0,
Em540HwFUypB8SbK,动力,0,
m6Y1uZiXQ0Stj9RH,动力,0,
TH4XmfEMIBsUPGeq,舒适性,0,
JWOxwhLq7lpQv1eI,安全性,0,
m6XbwZQn9D8hqOf3,舒适性,0,
uA95avdpWL3YmUGf,内饰,-1,
oAMV9ZCFlh5IizHD,动力,0,
hcWAJdmC9avz7MU1,动力,0,
CqSyRtsONd1iG5BJ,油耗,0,
yQhSYbRB7gu3Pma6,舒适性,0,
nhAC4mEYRazX9dJL,操控,0,
09hwsk7P5cvaVKXg,舒适性,0,
4fi6wDdFSEjBIWQ8,空间,0,
Nk2DL9OcyhegrEid,动力,0,
3e4RCs9lGvLokq0I,安全性,0,
41nm2EQI9BXljaDk,内饰,0,
4N70AwcexTqDCoJr,空间,1,
ZLeoOxCIiqjdPQSk,舒适性,0,
bVeAzdpgX7tFDlPI,安全性,1,
6Ewe2kxO5msAg0yU,动力,0,
1LDt9yAJwhUZK405,动力,0,
o9mCw65vOBq0fYUF,油耗,0,
TmrwlJsu8A9zybGV,操控,0,
MSn1hW8XCsGTkpxY,舒适性,0,
lr0sCcFamRVfPHn5,油耗,0,
4Zci7QKdEwlLutJV,操控,0,
mKeRHCFLgZSha3c4,舒适性,0,
Oa4sklUTNDmcpbQw,动力,0,
DvYtjcm4UkObHZRJ,操控,0,
yYz7M2WaHrZgXhuc,价格,0,
2YvN9c8p3yrlhIQt,内饰,0,
t6UAah74Glob2D0V,操控,0,
IFLmEta54AiujdUO,舒适性,0,
8fJTX3LZMqErjg2Y,动力,0,
q9uHxmI2frz8sX1C,安全性,0,
CM0TrDvozKejJ19X,外观,0,
f7uH1xAdhCX93L62,安全性,0,
5ORFufGL1gJqPXcb,油耗,0,
4nAlYpJof87Nj1F3,舒适性,0,
5GPVFrmzW2pqw6xf,操控,0,
9BFHXUj4RpgNcY3r,动力,0,
3bhVfsTD75wFKXCn,动力,0,
XFC1h4tuAMQH9pyN,油耗,0,
RQnhPEt8q0BOlS46,操控,0,
vyUGsFeo1E3nmliL,油耗,0,
IBzXueCTjWPyiwb9,配置,0,
HB1syAbrheKnUwtC,外观,0,
KgHo2XNmz59SLbPI,动力,0,
hXQT2Nq5Hd7epoxZ,油耗,0,
T6UWGk0OZmbgE9xL,动力,0,
6YOgDZisAcz4B8Kb,内饰,1,
epNDnEtSY8FlLdqR,动力,0,
C2izVwpOYvM9JjDt,动力,0,
9hBGibuUNvjL1Qng,安全性,0,
NHYkCVopElwTO4SL,安全性,0,
dloSVE124GTviNPL,价格,0,
bJ5L9HBuvqgPm3O2,外观,1,
zKdkoRw4fSJT865W,动力,0,
c24Lb3hwHmUN6xFu,操控,0,
O80sCRxGwAri2uNI,油耗,0,
W67mPuqewJ9aMc5b,舒适性,0,
o4BK31rvGf6JuDZO,舒适性,0,
lDMaYEJdVBKTu2zy,舒适性,0,
atvMkpfeVu4Tlgrs,动力,0,
FRkSi7Mad9B4He35,舒适性,0,
S7uwyZiTsRWX6Nzh,安全性,0,
PTZrVmatjOJLeWxv,配置,0,
YUqfX2IuADLJwv5i,安全性,0,
iUbCNmvynucYRj5X,动力,0,
VqT6oaI7dRkEsvJh,动力,0,
mhdw9QJF0Kfp175H,油耗,0,
39GHL0vs8hg2bpl1,动力,0,
m8MyxACkfqj2lQNF,油耗,0,
xZvGCk0LXS2ITgHe,油耗,0,
uSCy8iTz742tkdrh,配置,0,
LzMP3x6NiRIhn1J4,配置,0,
yoUEBOQszJW0KA5G,价格,0,
CKWDlRyrYdQq2iBH,动力,0,
sqNWBIYSTVR0zob9,内饰,0,
he7O3saXxQzl8MqH,动力,0,
crjYmfA4kWhaQnMP,动力,0,
oHCUun6B7GvL8WlI,油耗,0,
4C1iftvQzxIA29g6,价格,0,
FnxNHYEG7VKrLpjO,价格,0,
NGyshKCTUfntF4E2,价格,-1,
K8TLE9Fcay03s7xr,舒适性,0,
jMWAIfyUN3sqTovd,价格,0,
n8EbUTyJVxpGtWzP,外观,0,
9eqiWkfr8HNR0xPo,动力,0,
edOCKSsoXJyw5TLY,动力,0,
gJBbLW7NHT8iOnpx,动力,0,
U79aDc0xoKFMbyhT,操控,0,
FVsOCzBcxbwJh2T8,动力,0,
tNGBT56AL3kcJy1g,动力,0,
6Zw3Q5dDmTPYzrp0,动力,0,
6nulXChYs8biaKg7,操控,1,
ezdC0rVQ9ExoZ7OW,价格,0,
KH853hdTJX2nWM71,油耗,0,
Id8iAazTDpMGOv49,舒适性,0,
N0MLJFXRIE3wVl9d,动力,0,
875xyDbzPHFleEBQ,操控,1,
iCSrZBo2maTWVYqA,动力,0,
nEV4Xq8QmFIWDsSf,价格,0,
meNdXs32PROBrfkH,油耗,0,
cYPmsrJMOa4nlDou,动力,0,
Pm5tHqoJKC2zvsD1,配置,0,
CnUEJv94VzMiHjXy,动力,0,
bMpL97f6tirSwcxO,配置,0,
vD9VeG2iBSbuR4FY,动力,0,
7A2ze9YabMCc5svr,空间,0,
yiRPIe8JqXH2opuB,油耗,0,
T1UXBuIpaJxt2Rkh,油耗,0,
8cMwzsxkL4XtuDG1,配置,-1,
1roZPfezp2xJIDGi,油耗,0,
fSR1A9e6jH3UMFI8,外观,0,
lwWxuiMO3yPoH1UJ,配置,0,
ZwRt05lCQKhTJvP1,价格,-1,
e6dLZW1CuoayNDIF,动力,0,
q0bRKPpSCtEGhmga,配置,0,
i24bgYQmtysxEKz9,动力,0,
sAtwDdFoc06XgaW9,动力,0,
tKvrRDxVkGFci1WC,动力,0,
9firBmw7PNz0XQyE,空间,1,
ORvSEao5Dd2JLYAl,配置,0,
zsxQ34YguLhVKqWj,配置,0,
x4fpOqR6sUiClheE,动力,0,
iJj0sV7WDoPpxC3B,动力,0,
PqnhGulHWtDrbRFU,操控,1,
xUHl0LQJ9usiCwcV,空间,0,
QWdyBLA8uHGURn6h,操控,1,
AHrjUh6xkJ7dRcLW,价格,0,
onsZ8B5X4uVcaU0I,油耗,0,
VyN6x2SP9EDpfJCz,动力,0,
dkBrQ8FaUsD50qJ7,价格,0,
mfvyRCK1dM4qtHBo,外观,1,
N6SOwHa5DWnUL4YV,动力,0,
kcIlN4O5yfJvtuGa,操控,0,
gOHKCLapJowzu8AR,动力,0,
C98YtdkE4OLTDgea,动力,0,
s27vTZQLJUfh5mkA,价格,0,
JlWDb4BCsTiN2Ie3,动力,0,
PZgilYx2KRnehqOk,价格,0,
H6CfVzu4mLq0JkR7,内饰,1,
sa0dj6BixK8QJOpb,动力,0,
t8i0ujgRV1ON3Qec,动力,0,
uziQ92KcdPaOLAjw,空间,0,
3jSw0GWRJQ9BXoyt,舒适性,-1,
m6FcX2ICDUNGRqnw,价格,0,
5kwbXrfVS62FnKDh,舒适性,0,
Qykdt2N3oGAhrgOb,动力,0,
af8n9cRIS4Vq0jmH,配置,0,
WyUb7eGAJuz9Ftpc,动力,0,
SDzAtskNR2rebiu3,动力,0,
t7mqEcPgjBi3yMXG,内饰,0,
cgSKMAwYqW4mj9LU,操控,0,
7n31fAPQvzuZDE9q,油耗,0,
BFObiKUfX40r7uka,动力,0,
hScziZFfO71Gb02l,操控,0,
LaYhq2ci6EbpOzXd,动力,0,
xewG7SsfbB4tackJ,外观,0,
CmpW4Xv207JquMt1,内饰,0,
VoijeQ4huWkB0ZlL,价格,0,
CXxDunpZgH7N0KyF,舒适性,0,
iKvqEVW2zx6cfMPA,舒适性,-1,
4qUJbHaBIm5jXeuV,操控,1,
yFujWkExlsQTwAYL,价格,0,
PgCAcDLuVZ41xzod,内饰,0,
YsgwXUIHZAQ0upVR,操控,0,
QrHi1I9AM75BdZcu,空间,1,
uohVA2LclBpk3nxi,操控,1,
ZxIysR3VwmEXitzo,配置,0,
bDNSy4zjGYL7X8wI,配置,0,
8lrYXUQIg1cFxjd7,价格,0,
SXYTBWg6FxuboMnd,配置,0,
ocOHDW3kGit6jpBm,油耗,0,
97fvXxIlWCbBYULt,内饰,0,
8EP1GuYimLchgF9X,动力,0,
oak4npPgcZBGdeE1,动力,0,
sR5IdcrS47ACxgkf,价格,-1,
Cv9S02asNYldJ8hH,外观,0,
8NX1aUQcJb7w4nHf,价格,0,
s8ABFWKpRvLImVib,配置,0,
k9CaQPBrpeX8bjSG,价格,0,
1SK5FhgGrNiCPsYV,配置,0,
Pzcjy48JxafdKIAV,动力,0,
IdusAw5VFOpLztJ4,价格,0,
ntf9greFQdToRAvj,动力,0,
BNtFyKUzcO4P9SVe,舒适性,-1,
HgApRX8nqjJlEO0K,舒适性,0,
KgoZUjNaQvt6MfTA,舒适性,0,
pH9qK1Mxse4GTkQR,外观,0,
TcW1r3peXbjy7mEd,动力,0,
cKxH2Pd8M3JQD7ja,动力,0,
RjTnb0AcmBiaP2ky,动力,0,
j2Qx1P8a5wbULihs,油耗,0,
WOKSEYap1DMc5iPt,油耗,0,
WAoE4nJTKuZglvmG,动力,0,
N6SOwHa5DWnUL4YV,空间,0,
KYyblSApEOBWR0eL,外观,0,
zOgYypuoj3DnHqdK,安全性,0,
1HKS4tw3Z7r5Mjbd,价格,0,
e2maqIsDiCNpbUyX,价格,0,
gzGyHmUJQuaEfNhM,操控,0,
tHD0xImBS5ZLh6nU,操控,0,
ldRbIBz5vAqsJ4WP,价格,0,
fRC3VjrYoL2OFZNz,动力,0,
RP7kyNVaSbjedXzn,操控,1,
CFpJR65ev0MizD8X,动力,0,
70s9f5wBXxQyvIeJ,动力,0,
pQmLUbXGln3RJjxE,动力,0,
zwP3YJrWTxNnv9F0,外观,0,
uUpHiy5kTCXr76fq,油耗,0,
Ziu2rQTNe3YUJD6v,动力,0,
pURWwJXEY9boHvLq,舒适性,1,
uWgbGATV0jOoarDw,价格,0,
k5yBDivefCIcsEno,舒适性,0,
K5J3VMGmEbHty2ZN,动力,0,
SMJC8lbAtwDmHQr9,油耗,0,
n2TZNWRdfSCilqLh,空间,0,
aWVobSZ95j2gydMQ,价格,0,
lctobe5GjuBCxy4p,油耗,1,
PQ4aUyTilNXxORcY,动力,0,
vZoQtfNTVcDkr1RY,配置,1,
I5AGQL3jOYwUkbte,舒适性,0,
npsTlXveJmibUHdj,动力,0,
4Gu5FCl1ypm3MYjh,价格,0,
kRG2wfTBMprINaF6,动力,0,
4oFy08L1DuhbO2dp,油耗,0,
7el5K1ChiVGLaDyJ,操控,1,
o81JW3GwXYbiFfqy,安全性,0,
4NjVBL3t7FWqgPJX,动力,0,
TlQ3NGwt1ZzSO9B7,动力,0,
64eN5ZExUkXqpPa3,内饰,0,
06vPIQBqVNe2dl3f,油耗,0,
V3xslWKOyv9ILquX,油耗,0,
9x4gvon6TfN0KtqY,油耗,0,
1zkIPQn47Hm2gL3O,价格,0,
2WAtqCpk3EHsYNLG,价格,0,
jHrbay0T5MYIFcfC,安全性,0,
qE5DawnupNgsJvHh,安全性,0,
zO3ND7P0C16gotiw,安全性,0,
eC5MH8XYjSpUITo9,内饰,-1,
FVOZ4U9adMc6gnRb,动力,0,
JzQNiRH9sdM70n6F,动力,0,
4E9Ahb80ecm1LMUQ,价格,0,
7vM2TIJH9Qbe5qcN,空间,1,
f9xNeIHwOLTAls2W,油耗,0,
YUWFxTOoZCkNzKcu,舒适性,0,
HNRVAQPSUoX3ybeJ,空间,0,
Evg7IudDBGn42btA,价格,0,
Q02UuKePZtja9Rdx,安全性,0,
CYXkDtqioJyxbGHZ,外观,0,
cYOzKSreBUWy8ZCp,价格,0,
yNG3vwVFWsjkRIMg,动力,0,
IoC4kMGmBzZLvabl,内饰,0,
Jy1LwbjqZgxI7AvY,舒适性,1,
93sWiKgY4UC8jDSk,动力,0,
MewSZoag5Q8OxIVn,外观,0,
Aml1h4xUJt5u6bQ9,动力,0,
MR0mcoHQrWXFqJAU,价格,0,
2eRJECFPTcoNtvBr,舒适性,0,
przyuJL82c1GfBAv,价格,0,
dTsLzOxYeA8yNCBh,价格,0,
RWc4PB7gMpnsmUHl,油耗,0,
wBmEAOR0YjlgkWtT,操控,0,
2mpYHKbezMT4aRD1,价格,0,
De6AFcbTKIl4R3Qg,操控,0,
hutUELR95IlV0v2i,安全性,0,
6jm8uWBCpZwo5RFI,空间,0,
gC1Viv9aXJSpjnRU,动力,0,
Hki2n0YSZBA8hdpg,外观,0,
hTmRLDS3H610WEGJ,动力,0,
s1bqrGugAkB06xZj,操控,0,
Jz6Vt38OHGymb9M2,舒适性,0,
uTUzYxd82EJw5bKO,动力,0,
ZwYtW93KxgOFi8D2,价格,0,
Yry8UHfBKa0jsEJD,油耗,0,
HALEWZPmhvTzKjr8,价格,0,
6TLua3NxbHo5Rsj7,油耗,0,
jEpFZwbyDHo9tXkn,安全性,0,
hz5flpCykL9qiSB8,操控,1,
wU1ipRTWtdl8bhYn,动力,0,
KfFAPD6TohrVGUSs,价格,0,
riHy5UabPW0fMIAN,舒适性,0,
jExKsDpTcQUOX1zt,动力,0,
jWgdAn4QIHRk2uUs,动力,0,
Qw3Icen09U2i4ahS,油耗,0,
zuERVI2Cc9FjrKq8,配置,1,
htC6x7q2Yv14uUFX,舒适性,0,
SNAizMQGUJCYBntZ,外观,0,
1TpwYUG4nbQxhfKk,操控,0,
7ie4ysZjXJ5VUDuM,操控,1,
kZIm8TSGPKgdCviX,配置,0,
0gTQCnKUoP9zv5mS,动力,0,
zQ9gsJmFyPX64YMA,动力,0,
O7j9h8MaymUvVAtT,价格,0,
WsSnOLBp2wqvmxoy,动力,0,
L9tO1jeGMzmZUx0J,动力,0,
Lg4DuFNV0jPnextY,配置,0,
Qs2XdNyZezG5qDm0,油耗,0,
i7AtFZHh60kaGp3T,价格,0,
8oeBjF7TwlPyLvcY,舒适性,0,
NvOgzwa9XLkhEZfj,外观,-1,
g3b9aYo1wISymRn8,动力,0,
lsHg09cr1NChwKp8,油耗,0,
ZqEa9wGAXNCDRoph,动力,0,
HfSMToNXhrwY3mlk,动力,0,
SOpkMZLy40r1mYCq,舒适性,-1,
xORtcHMv5gy4UWJB,动力,0,
X7Dmi6pBvyNF5bjH,动力,0,
7RWHqS9pfuaFsxM3,动力,0,
S1WzLCPqeIT8sMmZ,配置,0,
kP3rhzZJTtsldbUR,价格,0,
MzjC01Ov4KgrVnwl,安全性,0,
XKjTBw5OP89DQLvF,安全性,0,
x2rYTQCbOd0JKA5y,油耗,0,
x0pVSuD3Brs4QCkt,配置,0,
Z4z0htmdXfHnEub9,安全性,0,
gt9voj04c3eQlOHs,配置,-1,
r0XIUAqlz9aQcvYB,价格,0,
MxZWDrcfogmARhjL,安全性,0,
co5nyPfVM90BZkDA,动力,0,
hNVSLDr06cMsgwfI,内饰,-1,
9Lkxm8NewpuUVG2T,安全性,0,
yYV0rn5D2fNUwmIx,动力,0,
S3dNtUixLg2uVkWD,动力,0,
vkDGIoJ8TZNdw1B4,价格,0,
18sbwglESLoPCJ9I,操控,0,
4TxVo6Op8kXv3mHR,动力,0,
GO8AHDxYM6FyC2KR,操控,0,
DV9qcNmIg8O1vFHY,价格,0,
sJlZXtVAdKeq0gha,价格,0,
5XznxhYNAGF7WKJD,安全性,0,
92br5tQejaEywGWP,内饰,-1,
xjSBDmyXaifbcCKA,价格,0,
pL13OljJzXMRiGmZ,操控,0,
LbDhIE2q3Fa4efJX,安全性,0,
0zvVXq62e1A9ib4W,操控,1,
iW9kR0Uf7h1ENxKa,动力,0,
2jJXvw58LHgT3RBD,动力,0,
eAfZWrs5b3UJP7Bl,动力,0,
zxho9ZN1fG736tIX,动力,0,
cjeL2RdTgBrzXisv,价格,0,
SuaPyk6KrBWiLl8I,配置,0,
Gjc1XHOVlKFe6ItU,油耗,0,
TymcspvV9EQjfSRw,安全性,0,
ELck8IARbwdpgvri,价格,0,
Mb7Zz60NWyakEcQ4,动力,0,
D5bSu7LOnQ4raJwE,空间,0,
j32vz0EsGwWqnPyX,价格,0,
2UBZ7gjF0de9SRWc,价格,0,
ByCalFw7j51e8ZTV,动力,0,
l6kZj5wsr8R4AKUv,空间,-1,
vxohAazq27Uj5Dt8,内饰,0,
Q6aR7udCFz4U5jrI,油耗,0,
K7iEzF8jtpLvc5qH,动力,0,
sDLvXxwqMJf5jgTc,价格,0,
Lw9O210Qyh5Uut73,油耗,-1,
FmEnshzT3UoO9tpc,安全性,0,
Q0Eh6Pc19WxsfYIz,安全性,0,
xtAqpUcvazf6QDko,价格,0,
GuPbV6ogwZMNXyLr,油耗,1,
OoMbuNVpZ6IUhXLC,配置,0,
ZwDJI2ExNGAMqT6a,价格,0,
bj6H0Og3DuUkYyim,舒适性,0,
eBAOK0iL9kRTu3X7,价格,0,
uSEYLOmivbVUT1dM,价格,0,
v3S6zNeBut2g75KJ,配置,0,
1rnyWNaQlKjGgpHs,动力,0,
J604wB2pgGfuDicQ,配置,0,
CshiU6A13rR9dbPS,外观,-1,
PqnhGulHWtDrbRFU,内饰,1,
LiayInCbKGNqjezh,内饰,0,
rvsFY9xykTh4UR3P,动力,0,
m4Ps7aIlUHdNQ96D,价格,0,
8OQC6rfwd4vFhgic,内饰,0,
SQZWNRE3eVJkjPf7,价格,0,
B7zneJI3pla8kQGD,动力,0,
G6spTavu8XbnNw41,动力,0,
94epsj1buvW2lBIf,价格,0,
shaB5qOUiVct1Jxf,动力,0,
Mj2skhg31YLtnazp,价格,0,
U0yhjQEPS9Im2tBD,动力,0,
Ec0zbuRis9NHpyIQ,动力,0,
KNsicY6maflyA2dW,内饰,-1,
9bjkmsRP2ZAeE461,空间,0,
ueY7R2gFVMB9bWvL,操控,0,
s724WXNFcAuDngeJ,动力,0,
pJUOMHKviuEI4bSG,舒适性,0,
Fgmsjr4pDh0l85Wc,动力,0,
WNhHv91fmt6OaSp5,动力,0,
juCpqT3UcFW1o06G,动力,0,
4Kd9bsYSFvMipwWy,动力,0,
ZvSrjpV3oYxARtOq,操控,1,
NMzl5tR6JQwCb0e1,动力,0,
EZmH5rdOcFoyK2UG,动力,0,
I1NHXDm8dzvtkfs0,空间,0,
O107RbQH8FIEdJC3,舒适性,0,
Ws8FLlqgJdvjmpkf,动力,0,
DnmNzoYrLgcAaS6I,操控,0,
UefN5RLZ1pqguoEj,动力,0,
kgEYWcjOxbNoz4S1,操控,1,
sKPpYiV2bXWEjTLc,空间,-1,
AMDg8X4KiknTopE6,动力,0,
fVaR2Yew87udU31W,配置,0,
KAGgiNr3WmDIoyeJ,价格,0,
SNJBxVqDgp9vAKTr,操控,0,
OiMa4ugEcIYNsZ3Q,价格,0,
l4GZ17PmtNV925Ti,舒适性,0,
BbjC5XQH4gaSZiYe,动力,0,
vF1hy5Ple8XGEOVb,外观,0,
yvrIFQCnOUq03lD4,动力,0,
fAjQZhGbsIdPxlN3,配置,0,
WAFiDKqCfuP9xG7a,价格,0,
E3NbgOkJ9tlinSDp,舒适性,1,
6huJNeXjFqAyTPdQ,价格,0,
ODvT15rVzUQGtxWS,外观,0,
MzQ8whRmWyp0kceZ,舒适性,1,
zyCSDkJLrhWE8KXR,动力,0,
EDo9aShzQUewruOP,动力,0,
iSkQ6VBe41l9s3HJ,油耗,1,
SlMeUu5ivcAJqVX0,动力,0,
4Ist9FJBkGATqYjO,价格,0,
h7Fx4nQTyPR2z9M6,外观,-1,
AF0Izd3Ecfgkujy9,价格,0,
ngzcR7CiS4Db1axN,空间,0,
4wZWbHCFdfML9KuG,内饰,0,
w587hbgUGyIAJCcF,空间,0,
opQNKOJUsPm8fhqF,内饰,0,
f9T17GDdFzhbSKk6,配置,0,
ZfLWb4GQDRhgyvow,价格,-1,
WovLRxkSqwECfc8X,内饰,0,
A3shCv62UTeX7Vyu,舒适性,0,
OJAalMdiGVwc68Tk,内饰,1,
cdqKw9jfWgvQ8NEm,油耗,0,
YxvTf4hr1odFwyM7,价格,0,
USrqtIMjsYzeRi4W,内饰,-1,
Yg1qG7649sKiVh0T,安全性,0,
beH79mYF60rqQwKW,价格,0,
64RkNdunL9TrUSQy,价格,0,
kGE5UO3MHwJFQ9Yf,价格,0,
EYSxnr1eUpbQwLuA,动力,0,
vZJH7btSIYN6jkXC,价格,0,
p0FUwsNPYQKl1HSg,安全性,0,
H7l3YEvyKQaIh6r8,舒适性,1,
10jN9LtICWPOEuhn,动力,0,
Jmb32XBrZgTNhi60,动力,0,
2Hp9McN70xnzy8qJ,操控,0,
Qgls9k6yBHWYoPxR,油耗,0,
LobyXDu3GfzvTO6i,配置,0,
qoLHFgKsdu52hBp0,动力,0,
esqiA6b9u0cJEjS3,油耗,0,
5XznxhYNAGF7WKJD,内饰,-1,
OCkifpF73WQYjoNI,内饰,0,
PSY0qdpjryGK9FNm,舒适性,-1,
QtyfYMKHjFJhT7qb,配置,0,
4TErfMzgFCnDRPqe,动力,0,
l78SQPcmBT9DtqNj,动力,0,
KFpnvjzWT02gcIbw,配置,0,
PTDA2eULVg8NcMZ3,空间,0,
TC8ux1tecBnbEfW4,外观,-1,
T4Y9Apfq2BesIGlc,内饰,1,
nlGLBRifpHU7KAFy,动力,0,
uRXVYHAPQ2c6xMCO,舒适性,0,
n7dWQKx5ZtS2NLvu,舒适性,0,
bMUeh2VjrukxmNAD,动力,0,
xsReYtP7VfJjdhSF,配置,0,
PBzSy05iMmJe9LWj,舒适性,0,
Jmb32XBrZgTNhi60,操控,0,
tI35NaPYw98BOrWi,动力,0,
VL6jHoQ8ZpyIP0tn,价格,-1,
CvMqpTIEmWroJfd3,油耗,0,
9F5LEfqRIaBmOok6,操控,0,
jyTlYHMnAKc4EROF,价格,0,
Ofw0eQbLz5W69aXT,动力,0,
hbjHsBtwcPqa0CJ3,价格,0,
IUOaATJujgxtLpsw,油耗,0,
06vJk25tLPqSAOp1,油耗,0,
aMFJAWuCiP3dQTOe,动力,0,
IUOaATJujgxtLpsw,操控,1,
zKdkoRw4fSJT865W,舒适性,-1,
e3okWLYKjs9G72AC,配置,0,
lYMn2whJSZmqksj3,外观,0,
E9SZbnzR2XW0QiLs,内饰,1,
CypflrRX3gzLH1S5,动力,0,
Jma4BfpWTSwk6x2U,油耗,0,
X7lts6RbF4eO2LhN,价格,0,
iUutpQeFw6vzMsD2,动力,0,
3s9NFKhCQk70Ti2E,动力,0,
tHWyUYRxdGbqf753,配置,1,
wiNfok6vXFL1tWDV,油耗,0,
Fie0kyu1854nQpzA,配置,0,
OsYUJZTx4c8SCW3I,动力,0,
54BO8AXVfUluaEn6,舒适性,0,
MrTgjwkBWDmh7loK,舒适性,0,
9TWx532X4h7wjiDy,安全性,0,
6hfTwBpMCeHUqbux,动力,0,
ZidVDX9wnLjWEJGq,操控,0,
Krp3Gzk2aNhHJ6R7,油耗,0,
HM38kdhUSjEPwp0u,操控,0,
b1UBLNhDWS7mQgJx,动力,0,
bHtilDz4Yf8v7TmS,空间,0,
JoXVZCrfDIj2YEHn,油耗,0,
YzigLBmP9naDrOkd,安全性,0,
mv45lRIHiagoZPuz,动力,0,
gEiv0n4qTj1MPUuF,价格,0,
avVmnotfUrzwJMGT,外观,0,
pL21kTtr8gRxhfWy,动力,0,
cIn9fLxBgXV3451Y,配置,0,
ioUIrmX7F4V9bClB,价格,0,
QPt1bTO5yKpD8Hx6,动力,0,
RKZmPl1Ny5dDC42o,外观,0,
Y4E9pN1kznPewcUO,外观,0,
6p1Gd4CbI5MALmxq,舒适性,0,
amI52NUMlDGfjZse,安全性,0,
6mRUdJ7Y1erPAtS8,动力,0,
4mupsO9QdHIjAZCx,价格,0,
sm0WEtJfjKlT3Oeo,动力,0,
cXWsxD0MTKQwEVpe,安全性,1,
tPWwM1QZlKn6dSjR,油耗,1,
Z2GfSdoxeOt5LNuR,安全性,0,
KvLw6eoZ4FjzdYIN,动力,0,
EsFeCWZ4pAYLjkOD,动力,0,
ioUIrmX7F4V9bClB,操控,0,
3qravlupfdIAMznx,空间,0,
aqUdpHDzb3NFy0m9,舒适性,0,
wnWRdqCphJz6P7U2,动力,0,
VDXmqcPTKF7dtenW,动力,0,
VYRCeOz63ky4UhFP,价格,0,
bCx8wV5SpZDlK3Py,价格,0,
LO1jroyDJsquHRZ2,操控,0,
CzcmFPdZspvxhn15,舒适性,0,
SpPEa8nQWH6hlFNu,价格,-1,
JNm6xy8tE0gZivVL,动力,0,
mwgUZtAKuYWskdy0,操控,1,
WJ3Vb5Cr4TEs6MDh,动力,0,
oKTmraqO2ltuZ6N0,动力,0,
nIMGCSAzfe25WDRm,配置,0,
uKylUE0qMehdS4jZ,舒适性,-1,
7U9GMh8rypb4zvsO,配置,0,
rCUqz3A0k5PK8bEV,动力,0,
JZcztNaO7jxwLlYG,安全性,0,
V5NCqp1jbLtr94BT,油耗,0,
Zz9IUVhrQgJqeGv7,动力,0,
rIka0x2W9MlpPw6V,配置,0,
wl56peWJEFKrPxzA,动力,0,
1BvD8xQqpmouKl2w,动力,0,
3k8eQMZPvtwiIFHx,配置,0,
R3ANbXlwH8z6vWPj,动力,0,
VDXmqcPTKF7dtenW,安全性,0,
bM9TrsOKgASWcePR,动力,0,
ngzcR7CiS4Db1axN,外观,0,
O6ECF9ct4iuMlDJ2,价格,0,
Rw5786gaXBCzGDNh,外观,0,
jLb8qX5xeQ4S1iKU,动力,0,
HWDQF5VOam2NR6rX,外观,0,
7CHjv8VgkXozbhEa,动力,0,
7QOtG1MD6z0skcNb,动力,0,
8tWqrNif2d1vn3yc,动力,0,
auH2N6r5nbFAiIpd,价格,1,
ZbGpiu1Q9vEkHaVJ,价格,0,
vkOJQm36qETLfI9n,安全性,0,
h8Lau6KWxfmIOPj7,价格,0,
ibSO4ogXnq0d7Tfw,价格,0,
qxB0rLI4NpR6UQO2,动力,0,
rX2s9SykZHTugQKM,油耗,0,
vdFBH1tAlp6nYheT,外观,0,
vZJH7btSIYN6jkXC,动力,0,
UAecLQb5yPFEoSuj,价格,0,
nX561cF9aYChtfsA,动力,0,
CMyhi0xvJV97RXZY,操控,0,
G2hHFZ50pPMQksXo,动力,0,
6RsAS4XJv9zxehOm,操控,1,
gzuM7rRSdkc3yoVH,外观,0,
fYtbApDWqzGmKX8F,舒适性,0,
eFzO9ogbIJZ3EwYR,配置,0,
jNAMbnkW2GQhuedy,油耗,0,
RBY2ermiwKvUZu3J,动力,0,
h8s3jBtw1NgiF6DI,舒适性,0,
eEzqhWBtb4ZiPjyv,操控,1,
SRNvlyPi7OM81VQC,动力,0,
TU8qXLNScFeEGJop,价格,0,
U6Yb7JkXH4ud0prv,安全性,0,
BbjC5XQH4gaSZiYe,操控,0,
KMZARaNglYCsJ0jo,价格,0,
SelgL0QrPayBZ18K,动力,0,
e0v8JDt3jqNnIVUK,外观,0,
rQWPNRL1mwxsF7li,动力,0,
qNCMRgG1xvrysUTL,动力,0,
5rBkYEyl1IU0TVhC,操控,0,
2u0Jcw8TEns6KlQp,油耗,0,
TH4XmfEMIBsUPGeq,动力,0,
Q2LaKeht0Vvo1Rn6,动力,0,
K1T0Cn5cNdOzEbpm,操控,0,
gAvGSLtTWClK360I,动力,0,
OP3A1vDpTWIV4QR5,空间,0,
BgJk730pyovPubIr,动力,0,
X8wU7Mr5kBcSDxJh,动力,0,
3GaSHdJUs4wDYfkR,动力,0,
AlFy7t9IK3diRgbS,操控,0,
0Flnd8hRq7C9kLGP,动力,0,
es0ZgKMEINc3vajU,动力,0,
V52Ubc3yioDXqkQ9,操控,0,
4WOkTuMarEPw5fo7,操控,0,
F1TNm6zR5YXK48fa,安全性,0,
dMtgGohl5s3VZHqC,配置,0,
n2Fm18vbEDIa53ys,动力,0,
SOpkMZLy40r1mYCq,油耗,-1,
qNZsXBg68bamyHQ0,空间,0,
I5yzgdLlFQDfnRpC,内饰,-1,
uzfj7oHsXO2nmUxC,动力,0,
qIUiOxGdb0M4PQky,油耗,0,
k3jfLWGU7ZvHeYgr,价格,0,
8SjFg2purME4Jx0A,价格,0,
Mj9ZO61VWTefml7z,价格,0,
hf5PnKEcrJtUYRXu,内饰,-1,
ltj3xs5h7oEP2z4A,内饰,0,
CtOKSDwIzyrehEci,价格,0,
ElD4L916Kqu3foVT,舒适性,0,
WlpdjUxNifwH39Qv,动力,0,
WXLA1peMJxl2RTQg,动力,0,
1KiNolhdjJ9z37AB,动力,0,
7XMHcBdeo0nKRNrE,舒适性,0,
m4idJxSGcC0lhnvR,操控,0,
OeLFcmtvT4GaQYZV,配置,0,
0VapY68qAvofEUgt,价格,0,
2hqQiRpTBVmNdtEo,动力,0,
sO6Ac1mThYBKyl4M,油耗,0,
NYcdrFwQitb953fo,动力,0,
M3Hqx1Un8ygzFTtl,操控,0,
OU0Ha56DoCJiqEjs,动力,0,
4cNTIxAwjOkSB8Vv,内饰,0,
VhlJyLza5ERfxDnZ,空间,0,
ZUCOEHAd1ga7LFxk,价格,0,
bkn08zQsyqtxGpL4,油耗,0,
EKI7PjFs81Lc52uS,动力,0,
UyhqNBf53jE89orR,动力,0,
gS8mMHCB5P1LkEKu,动力,0,
lswKvJMLT50iudoG,舒适性,0,
8P6E32xNmKAebnOs,油耗,0,
UPAlpjdvTWcIXMVt,配置,0,
CWdGUzmhA9Y35wPj,配置,0,
cfEFLe80SjMrAmKT,动力,0,
oX1pJ3yMtIaOcNWA,内饰,0,
suwj4c13B68RZ2gF,安全性,0,
vdWmiISbRku1Cl3J,价格,0,
4SNleaZoPbsivAJE,内饰,-1,
PfT21Y8IqGeOik6M,价格,0,
rpxlgy8Fkm0ReJqv,配置,0,
dEQ2H6yVaAh7P5j8,外观,0,
Ce7V3lxzB2mrpL5w,油耗,0,
RwfKrGUZibBAMIgq,配置,0,
nBZzr916y0SKtCPe,动力,0,
QcPDjLbxHWvCmVBS,动力,0,
9OS84ZmRFWL6nu17,价格,0,
atzMAVxk9SmRh1N0,空间,0,
SCZnbgBQITP40LoU,油耗,1,
kz6lDqx7PQcRBoVv,价格,0,
kcIlN4O5yfJvtuGa,价格,0,
7b0pJw65YcICoUzZ,空间,1,
nfOq51SzPjtCZKvQ,油耗,0,
t6UAah74Glob2D0V,舒适性,0,
qcznsyljIK5gW13Z,外观,0,
wcopTmyzvU53ftqe,动力,0,
t6UAah74Glob2D0V,动力,0,
Sn7ZzRoBaTVw1r2G,安全性,0,
p9uHKcz3FYlBmieC,动力,0,
gwtnIS4qfW9iRvNo,空间,0,
4vHOx2oj7cmynaG1,动力,0,
I27CTamYDZ5oyX9B,价格,0,
TF1dEg2cpsnyC9N8,价格,-1,
H83bKrlde7D2pNLF,配置,-1,
EpyZeTaIXzUkuoSO,外观,0,
7KRGZL60qn39dMXN,价格,0,
oFl5e7rT9mLqMPnu,空间,0,
14dQnL9lxMYeksH3,配置,0,
HzOjPbDW7snFfC5E,内饰,0,
78vjfAny6s9aIKmO,操控,1,
oxfEewZ2OpLTQHCk,内饰,0,
3D8VpF9nbjTK4NsB,动力,0,
FXbmRq815WQnuSeO,舒适性,0,
Syba49BXGKAj5E2J,空间,0,
UvXfePtpKwkRO1Jh,动力,0,
EnKrOoixv9Bq0b5Y,价格,0,
NAC6vpWtqaTQYXD8,舒适性,0,
jtbe8gZDGCEf9UOW,内饰,0,
oGV6CWJsQM3XLacw,油耗,0,
u3gf4yJX5SNGmhIs,舒适性,0,
aLs9AwhZ85vgiRbx,操控,0,
6e4AszdSm1Bwy5MV,动力,0,
mCcU9XgIHYWsL4qJ,油耗,0,
ACzuk3oYFdBW1iRr,安全性,0,
52jEpMRoDNvPHwSb,舒适性,-1,
D8PrMauq3jmVIpO0,操控,0,
rQyPXo39gUnVRIvL,动力,0,
NqFnG0WxBMp51tea,动力,0,
5TCU9c6I3esSFVx7,油耗,0,
8RjxP2OmA6FzaNfv,价格,0,
OnaeE0m3Ho4hPBG9,动力,0,
6uOk5U3st7ezNhbE,价格,0,
iUbCNmvynucYRj5X,价格,0,
6i0Rzsv4pVEHkXM9,价格,0,
bTs4yzovnrFhX1NV,油耗,0,
cXWsxD0MTKQwEVpe,操控,0,
nVm3CoQ5pU6yP8uY,安全性,0,
ldP5hcgTAKWfBbGJ,动力,0,
yI79ofOCdiAenwrz,安全性,0,
LC9Fk6UJfY2157va,内饰,-1,
NeHxKWiUoZbQD9rl,价格,0,
btQj9E65G4gSrx3m,动力,0,
sNc3FPI4ZnrUgS8G,内饰,0,
Syba49BXGKAj5E2J,动力,0,
Hv6EBj8tTAZphROb,价格,0,
2P7XFg6CqrktpmTo,动力,0,
FD2kElsTogNZSdrU,操控,0,
snIOM3ePFcyix9BS,动力,0,
vDUH86p9mfyQP5cA,安全性,0,
MDFGsd5R09vbPLht,动力,0,
Qt0XJqvUN6gOhePZ,配置,0,
pcK875yafZ0DvE9S,安全性,0,
BDoeHPlCiNVXEvrg,价格,0,
UXA1P7V5bJhiG9tx,舒适性,0,
amIEoWFrYfbsRyOq,动力,0,
aR76ShpmzdBZiFt9,动力,0,
m1rOC6jMweNH2Q9J,价格,0,
jlJM5YCSrXygxOpD,安全性,0,
LaG0oqHdbXiuc567,舒适性,0,
fVTD5JUWYQe3R2w9,动力,0,
JOBqrRszQ5LFT72X,油耗,0,
DtK5aQgf9OUnbHcd,操控,1,
9f1boRZ3OC74gtX0,动力,0,
L5xfDMnaIlWO6Vky,配置,0,
x6mbO2rHfU3hTej4,舒适性,-1,
bMZLdocNjy9zhtUV,价格,0,
Kh0ayJjuTrzwPAs1,价格,0,
2VWOd6lnSviTrQY0,动力,0,
gzYnU9GOx2B3TFla,价格,0,
BxtTSEmRsLWMFvI5,安全性,0,
G8hZaqu15NQ2zsJn,价格,0,
D925FbmgOYIfyoAv,动力,0,
C1jK43ImNPsUTYuf,内饰,1,
W3p7COTRkSzjK56I,油耗,0,
puszkRaoPD9hf7g2,动力,0,
o2uk5zlOitwBFyYP,安全性,0,
enGqUjh94tM7gNRY,油耗,0,
JgOyYlvReIxEoCGU,动力,0,
uDpUIL5BkgFoGZQE,空间,0,
TIMa6yKYE8fePg17,动力,0,
mhJoGpyU2zefLv4x,油耗,0,
63RsQ9a0JqXobE4m,配置,0,
inktdcsu69TOaKQ7,油耗,0,
ARIng69ZHsY7DCN1,动力,0,
RnIMpei7agYdKjXs,油耗,0,
Q8yxEWpPwmJtscbn,价格,0,
MOUrvjDsIJpbw6dQ,配置,0,
8Hdtp2WE6nMf93YP,动力,0,
7Gb4jFNMRYgvLlDu,动力,0,
0dfh6vX5ZxrRSjqQ,操控,0,
u6jDlYH20VN5APBv,操控,0,
lJd6v0EGxVkmNbU8,配置,0,
qRO9TKYzdVfuFtvw,油耗,0,
9LUOpIQHgYDm8FJw,动力,0,
OiM0P8nZ6Hk7ECLR,操控,0,
KMvqAsNXDfUicykQ,油耗,0,
QdaZJwOXbmkocY5v,动力,0,
ho6QNZl0uXev3C9q,油耗,0,
DIjbzLMF2vgEsxti,价格,-1,
JQacu8hBCoZjdsPX,动力,0,
BLpnDEK2MgYWqFhR,舒适性,-1,
JuzNxctnG7QbFKso,外观,-1,
N9h6FfCaZiQImWgE,价格,0,
bSJW1EvDTLnhU0qO,油耗,0,
3waoGs6DLeRjrxOB,配置,0,
1WCAISQtuEdTZ7G5,舒适性,0,
aB6ythMmUQL4TneC,操控,1,
hY9A7rn2wlmEF0uo,操控,0,
aDVYRH7ef086mjsA,舒适性,0,
vgkYQtw06TsAENDU,动力,0,
4aUn8IJ1to3uCeT6,舒适性,0,
zXPLFe5Sqvc06RuG,外观,1,
ycZd3HgBt5wpGjkK,价格,0,
cudSKGTyMLbIt8k3,价格,0,
KNjsGxYQdD903Rbr,油耗,0,
7ADnOoqHVgKSbLuR,舒适性,0,
592wQPGZTWVgIei7,动力,0,
dWjXp309QZK6sOBt,动力,0,
D5bSu7LOnQ4raJwE,舒适性,0,
lxkDKHi3veIRThdf,外观,0,
8jCcfemUlPaQFx67,动力,0,
2F5v8I3ZRdiSVOlM,外观,0,
YiOzfUcV1sy6KxIE,动力,0,
nmldu0FiyIZS9Tj3,安全性,0,
ajkbZcriRmB6otJ9,价格,0,
AWsymeHLSU1f38tT,安全性,0,
6DWMVcopvEKwU4PJ,舒适性,0,
uj70WQBqvYT6wo9R,空间,-1,
ZMgQETI7HcXaJPnu,配置,0,
H9Eqg04t2xn6CkJT,动力,0,
4Gu5FCl1ypm3MYjh,内饰,0,
BS6GJonqAjs3i5dD,价格,0,
ZW4GqhOlFucQopNK,舒适性,0,
M9maZYhelO08UcP7,动力,0,
dXbirf1CuyFszlKO,油耗,0,
OKVCfRJ8X9BwxaTv,配置,0,
d12qenNXRh4oEWkM,动力,0,
w9d56j8OgnCKvPcL,动力,0,
e0kYOc5iPx9mR3jv,油耗,0,
TfQUE3IXugtVsHFN,动力,0,
cgSKMAwYqW4mj9LU,油耗,0,
VZsxWz1fbk6DLFXO,价格,0,
9firBmw7PNz0XQyE,动力,0,
6GjoJk7wyDZVFQ3C,空间,0,
DoV8dMqFstKXEUwh,安全性,0,
OG8z3WDXMeFRfYnr,价格,0,
VpLeaYSlRTqyMFgK,操控,0,
UbCTsEBa7D4loFLf,动力,0,
EFGwePH45xyBWUcb,动力,0,
szJOWrFC4H97uDUo,操控,0,
v01eRdCPMnOKw8ty,操控,1,
y3WuIhpVe5qKMsa6,操控,0,
BaEdk14fSL96ZTtN,舒适性,0,
SgNFp8ixQX1HA64y,动力,0,
AC9siSxTEzyKrlaZ,舒适性,0,
0zvVXq62e1A9ib4W,价格,1,
fYnArPDqmTlIyagt,动力,0,
3BKOx5DzMaQsi0RZ,舒适性,0,
uOF5eWQHCSIb0lnX,油耗,0,
yeBbRYX73hd94WZI,油耗,0,
jE6k7BXpZLNWl1hQ,外观,1,
Bhko5WI62HVJGm7C,动力,0,
1aYrZnCMKBoX3s4E,外观,0,
9fqL8bdKWXJcThNu,油耗,0,
u0PmnoGdzNIRy4Q7,安全性,0,
Ni0TWvFVRU8XdmtO,操控,0,
4SDY29tXIivB6VLZ,动力,0,
AzyW4NBUETH7vbgP,操控,0,
uHMWwOS43IQ0fK96,油耗,0,
rTEKoLtW9vp3qVNM,价格,0,
JUISr7g514Y8VEoj,价格,0,
H6CfVzu4mLq0JkR7,操控,1,
WanjgfvIscPoUqGY,操控,0,
wB1jPZH8753R4lJk,价格,-1,
A2l9McPr6ITYBNsa,油耗,0,
u7BZNFiE0cKdojl9,动力,0,
WUMfjXzKCtP4F3qg,价格,0,
BylRVaPbFuH60W8M,舒适性,1,
9IGP8J5XtxWnjBlo,舒适性,0,
p2DgM5uoHAT9XPki,操控,1,
5jCfSe8z9wo1sU6i,价格,0,
ByeJn8m2blqVKiD6,动力,0,
UIC3PqTcutWdFNVQ,配置,0,
DZLR0tNlrT1u4fjs,安全性,0,
zPg9hyoViI8JUYw6,油耗,0,
cDQiy0dnrVfx3MWl,价格,0,
ig1CYQufD2BrU3WO,动力,0,
ZeAFK5tdv6V9ORYJ,配置,0,
4IONEgTitCLGye9Z,价格,0,
PaAuNd5lobeqXpOh,动力,0,
p2zCmiu4jIScUXew,外观,0,
InuPQK6wX9UtzgCl,动力,0,
3xW28YUPNywkseaM,油耗,-1,
4PUWD5HkGZFdcYr6,动力,0,
3Td6ia7n5BNLqjxh,配置,0,
TZORfDtCeIb9KJwE,油耗,0,
E5390SuTF2RoQyzt,舒适性,0,
jZTniaUmkgNuroEL,油耗,0,
kGBvJTFlncWIX10z,动力,0,
tEwq3kU6yNp4AHMj,价格,0,
dL1EZgfl4RjkeKUh,价格,0,
PykO9QsJFYtmMGvU,油耗,0,
RpeP4w7J8AOxdzIi,油耗,0,
blzhHtvQLcxIyfod,外观,0,
8GadRbIzViTqyx4F,内饰,-1,
dXJM8HgpAFsGOnWU,内饰,-1,
Px5CuDqJOfvEswra,动力,0,
1YyTakcRLKS43CWs,外观,0,
BevXWnqDitsjJQhY,油耗,0,
p8SCmcxyB1aeOTYG,价格,0,
Hif4ZJjkoRw5b9tE,舒适性,0,
OMS3NeFwL8JB6onb,油耗,0,
P7zwjrpgGSFiDA4M,价格,0,
8ijAZKYdwx5BXeEz,配置,-1,
EVG6bXaQxSCN1Ake,配置,0,
cydDMeo04TnBG92s,油耗,0,
0ZcJSahWkL3TmIzN,动力,0,
T40PlF3fkStJdIx9,价格,0,
pXEC2P7BzGYmUxiy,动力,0,
QHrK5zZkTX4wWude,舒适性,0,
YSeEn5CvJ1FkgoQh,安全性,0,
itm5q6I1z8vf7ZMD,动力,0,
flTo2WjaIkiuDqX8,配置,0,
LTxHPB31aI62JOMX,动力,0,
Wf9T283SZphL6tQ4,配置,0,
cVlv8HZPjB6m4y75,空间,1,
JK1uU6QgvX7FPmeC,价格,0,
OSwysxEp1KTU4ZGV,动力,0,
9Cc6IPenXxTmLAa1,舒适性,0,
xXQtrRW7UOwPCbEi,动力,0,
rytcHs5GMUWREKfj,外观,1,
OvEuatQI8nlf5W4b,操控,0,
